interval_begin_s,interval_end_s,interval_begin_hhmm,edge_id,speed_mean_ms,speed_min_ms,speed_max_ms,speed_std_ms,density_mean_vkl,density_min_vkl,density_max_vkl,density_std_vkl,n_runs
36000.0,36900.0,10:00,-1025366406,8.7350,8.6100,8.8600,0.1768,0.5100,0.5000,0.5200,0.0141,2
36000.0,36900.0,10:00,-1026845806,13.5400,13.4200,13.6600,0.1697,0.1650,0.1600,0.1700,0.0071,2
36000.0,36900.0,10:00,-104288999,8.6800,8.5900,8.7700,0.1273,0.3850,0.3800,0.3900,0.0071,2
36000.0,36900.0,10:00,-1053066061#2,8.7550,8.4800,9.0300,0.3889,0.6400,0.6200,0.6600,0.0283,2
36000.0,36900.0,10:00,-1053066068#1,8.7550,8.4800,9.0300,0.3889,0.6400,0.6200,0.6600,0.0283,2
36000.0,36900.0,10:00,-1053066068#3,8.6600,8.4300,8.8900,0.3253,0.5150,0.5000,0.5300,0.0212,2
36000.0,36900.0,10:00,-1053066068#4,5.3150,2.1900,8.4400,4.4194,1.2800,0.5300,2.0300,1.0607,2
36000.0,36900.0,10:00,-1054418205,8.3500,8.3100,8.3900,0.0566,0.5300,0.5300,0.5300,0.0000,2
36000.0,36900.0,10:00,-11022533#0,8.3550,8.3100,8.4000,0.0636,0.5300,0.5300,0.5300,0.0000,2
36000.0,36900.0,10:00,-11022533#2,8.3500,8.3100,8.3900,0.0566,0.5300,0.5300,0.5300,0.0000,2
36000.0,36900.0,10:00,-1112393351,12.3100,11.7900,12.8300,0.7354,0.0900,0.0900,0.0900,0.0000,2
36000.0,36900.0,10:00,-1177239769,12.6550,12.1100,13.2000,0.7707,0.0850,0.0800,0.0900,0.0071,2
36000.0,36900.0,10:00,-1301164218#0,9.1400,8.8600,9.4200,0.3960,0.6100,0.5900,0.6300,0.0283,2
36000.0,36900.0,10:00,-1301164218#3,9.1400,8.8600,9.4200,0.3960,0.6100,0.5900,0.6300,0.0283,2
36000.0,36900.0,10:00,-1301164219,9.1400,8.8600,9.4200,0.3960,0.6100,0.5900,0.6300,0.0283,2
36000.0,36900.0,10:00,-133499410#1,12.5450,11.7600,13.3300,1.1102,0.0850,0.0800,0.0900,0.0071,2
36000.0,36900.0,10:00,-133499410#2,12.2450,11.5600,12.9300,0.9687,0.0950,0.0900,0.1000,0.0071,2
36000.0,36900.0,10:00,-134063971,8.4450,8.4300,8.4600,0.0212,0.2600,0.2600,0.2600,0.0000,2
36000.0,36900.0,10:00,-134063977#1,13.8800,13.8800,13.8800,0.0000,0.2400,0.2400,0.2400,0.0000,2
36000.0,36900.0,10:00,-134411713#1,8.8900,8.7000,9.0800,0.2687,0.1250,0.1200,0.1300,0.0071,2
36000.0,36900.0,10:00,-134411713#3,8.8900,8.7100,9.0700,0.2546,0.1250,0.1200,0.1300,0.0071,2
36000.0,36900.0,10:00,-135413547#0,11.9000,11.8300,11.9700,0.0990,0.2800,0.2800,0.2800,0.0000,2
36000.0,36900.0,10:00,-135706987#0,13.8900,13.8900,13.8900,0.0000,0.0800,0.0800,0.0800,0.0000,2
36000.0,36900.0,10:00,-1361717374#2,8.4500,8.4400,8.4600,0.0141,0.2600,0.2600,0.2600,0.0000,2
36000.0,36900.0,10:00,-13715475#0,8.9650,8.6900,9.2400,0.3889,0.1250,0.1200,0.1300,0.0071,2
36000.0,36900.0,10:00,-13715475#1,7.7550,7.2400,8.2700,0.7283,0.1400,0.1300,0.1500,0.0141,2
36000.0,36900.0,10:00,-137355170,8.5100,7.6900,9.3300,1.1597,0.1300,0.1200,0.1400,0.0141,2
36000.0,36900.0,10:00,-1435969024#0,13.8900,13.8900,13.8900,0.0000,0.1600,0.1600,0.1600,0.0000,2
36000.0,36900.0,10:00,-161182809,8.8900,8.7000,9.0800,0.2687,0.1250,0.1200,0.1300,0.0071,2
36000.0,36900.0,10:00,-16312517,11.4100,10.0500,12.7700,1.9233,0.1000,0.0900,0.1100,0.0141,2
36000.0,36900.0,10:00,-230834613#0,7.8800,7.4400,8.3200,0.6223,0.1400,0.1300,0.1500,0.0141,2
36000.0,36900.0,10:00,-230834615,13.5150,13.1400,13.8900,0.5303,0.0800,0.0800,0.0800,0.0000,2
36000.0,36900.0,10:00,-236455763#2,8.3500,8.3100,8.3900,0.0566,0.5300,0.5300,0.5300,0.0000,2
36000.0,36900.0,10:00,-2535004#0,13.6000,10.5300,16.6700,4.3416,0.0900,0.0700,0.1100,0.0283,2
36000.0,36900.0,10:00,-2535004#2,13.3650,10.5500,16.1800,3.9810,0.0900,0.0700,0.1100,0.0283,2
36000.0,36900.0,10:00,-2535038#0,13.8900,13.8900,13.8900,0.0000,0.2400,0.2400,0.2400,0.0000,2
36000.0,36900.0,10:00,-2535038#1,13.8900,13.8900,13.8900,0.0000,0.2400,0.2400,0.2400,0.0000,2
36000.0,36900.0,10:00,-2535038#3,13.8900,13.8900,13.8900,0.0000,0.2400,0.2400,0.2400,0.0000,2
36000.0,36900.0,10:00,-2535038#4,13.8200,13.8200,13.8200,0.0000,0.2400,0.2400,0.2400,0.0000,2
36000.0,36900.0,10:00,-2535039#2,8.8300,8.3600,9.3000,0.6647,0.5050,0.4800,0.5300,0.0354,2
36000.0,36900.0,10:00,-2535114#2,13.1150,12.5500,13.6800,0.7990,0.0850,0.0800,0.0900,0.0071,2
36000.0,36900.0,10:00,-2535114#3,13.1100,12.5500,13.6700,0.7920,0.0850,0.0800,0.0900,0.0071,2
36000.0,36900.0,10:00,-2535115#1,8.3250,7.9200,8.7300,0.5728,0.2650,0.2500,0.2800,0.0212,2
36000.0,36900.0,10:00,-2535350#1,8.8500,8.6800,9.0200,0.2404,0.2550,0.2500,0.2600,0.0071,2
36000.0,36900.0,10:00,-2535382#0,8.9650,8.8300,9.1000,0.1909,0.3750,0.3700,0.3800,0.0071,2
36000.0,36900.0,10:00,-2535382#1,9.2750,9.2200,9.3300,0.0778,0.1200,0.1200,0.1200,0.0000,2
36000.0,36900.0,10:00,-2535382#2,9.2750,9.2200,9.3300,0.0778,0.1200,0.1200,0.1200,0.0000,2
36000.0,36900.0,10:00,-2535382#3,9.2750,9.2200,9.3300,0.0778,0.1200,0.1200,0.1200,0.0000,2
36000.0,36900.0,10:00,-2535383#0,13.9000,13.9000,13.9000,0.0000,0.1600,0.1600,0.1600,0.0000,2
36000.0,36900.0,10:00,-2535383#1,14.2900,14.2900,14.2900,0.0000,0.1600,0.1600,0.1600,0.0000,2
36000.0,36900.0,10:00,-2535383#2,13.8900,13.8900,13.8900,0.0000,0.1600,0.1600,0.1600,0.0000,2
36000.0,36900.0,10:00,-2535383#4,13.8900,13.8900,13.8900,0.0000,0.2400,0.2400,0.2400,0.0000,2
36000.0,36900.0,10:00,-2535383#5,13.8900,13.8900,13.8900,0.0000,0.3200,0.3200,0.3200,0.0000,2
36000.0,36900.0,10:00,-2541944#2,8.0550,7.8700,8.2400,0.2616,0.1350,0.1300,0.1400,0.0071,2
36000.0,36900.0,10:00,-2541944#4,8.0550,7.8700,8.2400,0.2616,0.1350,0.1300,0.1400,0.0071,2
36000.0,36900.0,10:00,-2541944#5,8.0550,7.8700,8.2400,0.2616,0.1350,0.1300,0.1400,0.0071,2
36000.0,36900.0,10:00,-2541944#6,8.0550,7.8700,8.2400,0.2616,0.1350,0.1300,0.1400,0.0071,2
36000.0,36900.0,10:00,-2541944#7,8.0550,7.8700,8.2400,0.2616,0.1350,0.1300,0.1400,0.0071,2
36000.0,36900.0,10:00,-2541944#8,8.0550,7.8700,8.2400,0.2616,0.1350,0.1300,0.1400,0.0071,2
36000.0,36900.0,10:00,-2543332#0,7.9700,7.4700,8.4700,0.7071,0.2800,0.2600,0.3000,0.0283,2
36000.0,36900.0,10:00,-2543332#1,7.9700,7.4700,8.4700,0.7071,0.2800,0.2600,0.3000,0.0283,2
36000.0,36900.0,10:00,-2543332#4,7.9700,7.4700,8.4700,0.7071,0.2800,0.2600,0.3000,0.0283,2
36000.0,36900.0,10:00,-2543333,12.4750,12.0900,12.8600,0.5445,0.5350,0.5200,0.5500,0.0212,2
36000.0,36900.0,10:00,-30278393#0,9.8300,8.9800,10.6800,1.2021,0.1100,0.1000,0.1200,0.0141,2
36000.0,36900.0,10:00,-30278393#1,9.8300,8.9800,10.6800,1.2021,0.1100,0.1000,0.1200,0.0141,2
36000.0,36900.0,10:00,-354671650#1,13.7950,13.7000,13.8900,0.1344,0.1600,0.1600,0.1600,0.0000,2
36000.0,36900.0,10:00,-354671651#0,9.1300,9.0600,9.2000,0.0990,0.1200,0.1200,0.1200,0.0000,2
36000.0,36900.0,10:00,-354671651#1,9.1300,9.0600,9.2000,0.0990,0.1200,0.1200,0.1200,0.0000,2
36000.0,36900.0,10:00,-361257028#0,8.2600,7.9900,8.5300,0.3818,0.2700,0.2600,0.2800,0.0141,2
36000.0,36900.0,10:00,-37899394#3,16.6700,16.6700,16.6700,0.0000,0.0600,0.0600,0.0600,0.0000,1
36000.0,36900.0,10:00,-37899394#4,16.6700,16.6700,16.6700,0.0000,0.0700,0.0700,0.0700,0.0000,1
36000.0,36900.0,10:00,-380310114#0,8.2100,7.8800,8.5400,0.4667,0.1350,0.1300,0.1400,0.0071,2
36000.0,36900.0,10:00,-380310114#3,8.2100,7.8800,8.5400,0.4667,0.1350,0.1300,0.1400,0.0071,2
36000.0,36900.0,10:00,-383327664#1,8.3500,8.3100,8.3900,0.0566,0.5300,0.5300,0.5300,0.0000,2
36000.0,36900.0,10:00,-383327664#3,8.3500,8.3100,8.3900,0.0566,0.5300,0.5300,0.5300,0.0000,2
36000.0,36900.0,10:00,-384828057#1,8.3500,8.3100,8.3900,0.0566,0.5300,0.5300,0.5300,0.0000,2
36000.0,36900.0,10:00,-39646561,13.8900,13.8900,13.8900,0.0000,0.0800,0.0800,0.0800,0.0000,2
36000.0,36900.0,10:00,-400886685#1,8.9900,8.7300,9.2500,0.3677,0.1250,0.1200,0.1300,0.0071,2
36000.0,36900.0,10:00,-400886689#0,8.3900,8.0600,8.7200,0.4667,0.7950,0.7600,0.8300,0.0495,2
36000.0,36900.0,10:00,-400886691#0,8.2850,7.9400,8.6300,0.4879,0.6700,0.6400,0.7000,0.0424,2
36000.0,36900.0,10:00,-401595498,8.8900,8.7000,9.0800,0.2687,0.1250,0.1200,0.1300,0.0071,2
36000.0,36900.0,10:00,-427821329#1,8.0250,7.7300,8.3200,0.4172,0.4150,0.4000,0.4300,0.0212,2
36000.0,36900.0,10:00,-427821329#2,8.0250,7.7300,8.3200,0.4172,0.4150,0.4000,0.4300,0.0212,2
36000.0,36900.0,10:00,-429206409,8.3500,8.3100,8.3900,0.0566,0.5300,0.5300,0.5300,0.0000,2
36000.0,36900.0,10:00,-449880197#1,8.2100,7.8800,8.5400,0.4667,0.1350,0.1300,0.1400,0.0071,2
36000.0,36900.0,10:00,-450227283#1,8.3950,8.0600,8.7300,0.4738,0.7950,0.7600,0.8300,0.0495,2
36000.0,36900.0,10:00,-451081200,12.4650,12.0800,12.8500,0.5445,0.5350,0.5200,0.5500,0.0212,2
36000.0,36900.0,10:00,-452105746#0,8.3200,7.9100,8.7300,0.5798,0.2650,0.2500,0.2800,0.0212,2
36000.0,36900.0,10:00,-452105746#1,8.3250,7.9200,8.7300,0.5728,0.2650,0.2500,0.2800,0.0212,2
36000.0,36900.0,10:00,-455063592,11.7050,10.6900,12.7200,1.4354,0.0950,0.0900,0.1000,0.0071,2
36000.0,36900.0,10:00,-456598077,11.1100,11.1100,11.1100,0.0000,0.1000,0.1000,0.1000,0.0000,2
36000.0,36900.0,10:00,-4652433,16.1500,16.1500,16.1500,0.0000,0.0700,0.0700,0.0700,0.0000,1
36000.0,36900.0,10:00,-661903030,8.3500,8.3100,8.3900,0.0566,0.5300,0.5300,0.5300,0.0000,2
36000.0,36900.0,10:00,-673497909,8.0550,7.8700,8.2400,0.2616,0.1350,0.1300,0.1400,0.0071,2
36000.0,36900.0,10:00,-673497910#0,8.0550,7.8600,8.2500,0.2758,0.1350,0.1300,0.1400,0.0071,2
36000.0,36900.0,10:00,-681388530#0,13.3550,10.5500,16.1600,3.9669,0.0450,0.0200,0.0700,0.0354,2
36000.0,36900.0,10:00,-681388530#1,13.3550,10.5500,16.1600,3.9669,0.0900,0.0700,0.1100,0.0283,2
36000.0,36900.0,10:00,-68756016#1,9.1250,8.8600,9.3900,0.3748,0.6100,0.5900,0.6300,0.0283,2
36000.0,36900.0,10:00,-68756016#2,9.1400,8.8600,9.4200,0.3960,0.6100,0.5900,0.6300,0.0283,2
36000.0,36900.0,10:00,-68756016#3,9.1350,8.8600,9.4100,0.3889,0.6100,0.5900,0.6300,0.0283,2
36000.0,36900.0,10:00,-71181686#0,9.1650,8.3600,9.9700,1.1384,0.1200,0.1100,0.1300,0.0141,2
36000.0,36900.0,10:00,-71181686#1,9.1650,8.3300,10.0000,1.1809,0.1200,0.1100,0.1300,0.0141,2
36000.0,36900.0,10:00,-71181686#2,9.1650,8.3300,10.0000,1.1809,0.1200,0.1100,0.1300,0.0141,2
36000.0,36900.0,10:00,-71181686#3,9.1650,8.3600,9.9700,1.1384,0.1200,0.1100,0.1300,0.0141,2
36000.0,36900.0,10:00,-71181686#4,9.1550,8.3500,9.9600,1.1384,0.1200,0.1100,0.1300,0.0141,2
36000.0,36900.0,10:00,-71181686#5,9.1650,8.3600,9.9700,1.1384,0.1200,0.1100,0.1300,0.0141,2
36000.0,36900.0,10:00,-779932972#0,13.3600,10.5600,16.1600,3.9598,0.0900,0.0700,0.1100,0.0283,2
36000.0,36900.0,10:00,-779932972#1,13.3550,10.5500,16.1600,3.9669,0.0900,0.0700,0.1100,0.0283,2
36000.0,36900.0,10:00,-79633771#1,8.3500,8.3100,8.3900,0.0566,0.5300,0.5300,0.5300,0.0000,2
36000.0,36900.0,10:00,-79633771#2,8.3500,8.3100,8.3900,0.0566,0.5300,0.5300,0.5300,0.0000,2
36000.0,36900.0,10:00,-83207313#2,16.1600,16.1600,16.1600,0.0000,0.0700,0.0700,0.0700,0.0000,1
36000.0,36900.0,10:00,-887871736#0,12.4750,12.0900,12.8600,0.5445,0.5350,0.5200,0.5500,0.0212,2
36000.0,36900.0,10:00,-887871736#1,12.4800,12.0900,12.8700,0.5515,0.5350,0.5200,0.5500,0.0212,2
36000.0,36900.0,10:00,-926028935#1,8.5100,8.3700,8.6500,0.1980,0.6500,0.6400,0.6600,0.0141,2
36000.0,36900.0,10:00,-928691979#0,13.8900,13.8900,13.8900,0.0000,0.2400,0.2400,0.2400,0.0000,2
36000.0,36900.0,10:00,-939067974#0,9.1300,9.0600,9.2000,0.0990,0.1200,0.1200,0.1200,0.0000,2
36000.0,36900.0,10:00,-939067974#1,9.1300,9.0600,9.2000,0.0990,0.1200,0.1200,0.1200,0.0000,2
36000.0,36900.0,10:00,-939067975#0,9.1300,9.0600,9.2000,0.0990,0.1200,0.1200,0.1200,0.0000,2
36000.0,36900.0,10:00,-94511068#0,9.2750,9.2200,9.3300,0.0778,0.1200,0.1200,0.1200,0.0000,2
36000.0,36900.0,10:00,-94511068#1,9.2750,9.2200,9.3300,0.0778,0.1200,0.1200,0.1200,0.0000,2
36000.0,36900.0,10:00,-94511068#2,9.2750,9.2200,9.3300,0.0778,0.1200,0.1200,0.1200,0.0000,2
36000.0,36900.0,10:00,-953082529#3,13.6650,13.4500,13.8800,0.3041,0.1650,0.1600,0.1700,0.0071,2
36000.0,36900.0,10:00,-990834100,8.8150,8.6500,8.9800,0.2333,0.2550,0.2500,0.2600,0.0071,2
36000.0,36900.0,10:00,104288999,9.1300,9.0600,9.2000,0.0990,0.1200,0.1200,0.1200,0.0000,2
36000.0,36900.0,10:00,1053066061#1,9.1450,8.6500,9.6400,0.7000,0.1250,0.1200,0.1300,0.0071,2
36000.0,36900.0,10:00,1053066062,9.1450,8.6500,9.6400,0.7000,0.1250,0.1200,0.1300,0.0071,2
36000.0,36900.0,10:00,1053066068#2,9.1400,8.6400,9.6400,0.7071,0.1250,0.1200,0.1300,0.0071,2
36000.0,36900.0,10:00,1053066068#4,9.1250,8.7200,9.5300,0.5728,0.1250,0.1200,0.1300,0.0071,2
36000.0,36900.0,10:00,1053979184#1,13.9000,13.9000,13.9000,0.0000,0.0800,0.0800,0.0800,0.0000,2
36000.0,36900.0,10:00,1054418205,8.8300,8.3600,9.3000,0.6647,0.5050,0.4800,0.5300,0.0354,2
36000.0,36900.0,10:00,1058344629,13.4350,13.2200,13.6500,0.3041,0.4150,0.4100,0.4200,0.0071,2
36000.0,36900.0,10:00,1058344630,13.9500,13.9500,13.9500,0.0000,0.2400,0.2400,0.2400,0.0000,2
36000.0,36900.0,10:00,1058647170,8.9050,8.6800,9.1300,0.3182,0.6250,0.6100,0.6400,0.0212,2
36000.0,36900.0,10:00,1058647171#0,8.4700,8.3200,8.6200,0.2121,0.2650,0.2600,0.2700,0.0071,2
36000.0,36900.0,10:00,1058647171#1,8.8900,8.7000,9.0800,0.2687,0.1250,0.1200,0.1300,0.0071,2
36000.0,36900.0,10:00,1059369989,8.5950,8.5800,8.6100,0.0212,0.3900,0.3900,0.3900,0.0000,2
36000.0,36900.0,10:00,1082662006,12.2200,11.1100,13.3300,1.5698,0.1850,0.1700,0.2000,0.0212,2
36000.0,36900.0,10:00,1082665464,12.1700,11.2800,13.0600,1.2587,0.1850,0.1700,0.2000,0.0212,2
36000.0,36900.0,10:00,11018592,8.5950,8.3600,8.8300,0.3323,0.9050,0.8800,0.9300,0.0354,2
36000.0,36900.0,10:00,11022533#0,8.8350,8.3500,9.3200,0.6859,0.5050,0.4800,0.5300,0.0354,2
36000.0,36900.0,10:00,11022533#1,8.8300,8.3600,9.3000,0.6647,0.5050,0.4800,0.5300,0.0354,2
36000.0,36900.0,10:00,1112393351,12.4500,12.4400,12.4600,0.0141,0.4500,0.4500,0.4500,0.0000,2
36000.0,36900.0,10:00,1117683359#0,8.1050,7.6000,8.6100,0.7142,0.4150,0.3900,0.4400,0.0354,2
36000.0,36900.0,10:00,1125715810,12.4450,12.4300,12.4600,0.0212,0.4500,0.4500,0.4500,0.0000,2
36000.0,36900.0,10:00,1165474198,12.7000,12.0800,13.3200,0.8768,0.1750,0.1700,0.1800,0.0071,2
36000.0,36900.0,10:00,1177239769,12.6550,12.1100,13.2000,0.7707,0.0850,0.0800,0.0900,0.0071,2
36000.0,36900.0,10:00,1177239772#0,11.9700,11.4300,12.5100,0.7637,0.2800,0.2700,0.2900,0.0141,2
36000.0,36900.0,10:00,1220287665,12.6150,12.0400,13.1900,0.8132,0.5300,0.5100,0.5500,0.0283,2
36000.0,36900.0,10:00,1267943350#0,8.9650,8.8300,9.1000,0.1909,0.3750,0.3700,0.3800,0.0071,2
36000.0,36900.0,10:00,1267943350#1,8.9550,8.8200,9.0900,0.1909,0.3750,0.3700,0.3800,0.0071,2
36000.0,36900.0,10:00,1267943350#2,8.9650,8.8300,9.1000,0.1909,0.3750,0.3700,0.3800,0.0071,2
36000.0,36900.0,10:00,1305563481#0,8.0550,7.8700,8.2400,0.2616,0.1350,0.1300,0.1400,0.0071,2
36000.0,36900.0,10:00,131330666#1,13.3300,13.3300,13.3300,0.0000,0.1700,0.1700,0.1700,0.0000,2
36000.0,36900.0,10:00,1315301899#0,13.4800,13.3600,13.6000,0.1697,0.3300,0.3300,0.3300,0.0000,2
36000.0,36900.0,10:00,1315301901,8.1050,7.6000,8.6100,0.7142,0.4150,0.3900,0.4400,0.0354,2
36000.0,36900.0,10:00,134063971,8.8900,8.6200,9.1600,0.3818,0.6250,0.6100,0.6400,0.0212,2
36000.0,36900.0,10:00,134063977#2,11.1100,11.1100,11.1100,0.0000,0.1000,0.1000,0.1000,0.0000,2
36000.0,36900.0,10:00,134136443,7.9700,7.4700,8.4700,0.7071,0.2800,0.2600,0.3000,0.0283,2
36000.0,36900.0,10:00,134411713#0,9.1250,8.8300,9.4200,0.4172,0.4850,0.4700,0.5000,0.0212,2
36000.0,36900.0,10:00,134411713#2,9.1250,8.8300,9.4200,0.4172,0.4850,0.4700,0.5000,0.0212,2
36000.0,36900.0,10:00,1361717374#2,8.8900,8.6300,9.1500,0.3677,0.6250,0.6100,0.6400,0.0212,2
36000.0,36900.0,10:00,1364018960,12.5800,12.0000,13.1600,0.8202,0.5350,0.5100,0.5600,0.0354,2
36000.0,36900.0,10:00,13715475#0,8.9650,8.6900,9.2400,0.3889,0.1250,0.1200,0.1300,0.0071,2
36000.0,36900.0,10:00,137355170,8.5100,7.6900,9.3300,1.1597,0.1300,0.1200,0.1400,0.0141,2
36000.0,36900.0,10:00,1386311796#1,13.5450,13.2000,13.8900,0.4879,0.0800,0.0800,0.0800,0.0000,2
36000.0,36900.0,10:00,14135257#0,12.4450,12.4300,12.4600,0.0212,0.4500,0.4500,0.4500,0.0000,2
36000.0,36900.0,10:00,14135257#1,12.4450,12.4300,12.4600,0.0212,0.4500,0.4500,0.4500,0.0000,2
36000.0,36900.0,10:00,14135257#2,12.4450,12.4300,12.4600,0.0212,0.4500,0.4500,0.4500,0.0000,2
36000.0,36900.0,10:00,14135257#3,12.4450,12.4300,12.4600,0.0212,0.4500,0.4500,0.4500,0.0000,2
36000.0,36900.0,10:00,1424789403#0,9.0050,8.9200,9.0900,0.1202,0.4950,0.4900,0.5000,0.0071,2
36000.0,36900.0,10:00,1424789403#1,9.0050,8.9200,9.0900,0.1202,0.4950,0.4900,0.5000,0.0071,2
36000.0,36900.0,10:00,1424789406#0,12.9300,11.9700,13.8900,1.3576,0.0850,0.0800,0.0900,0.0071,2
36000.0,36900.0,10:00,14306575,12.3850,11.9800,12.7900,0.5728,0.1800,0.1700,0.1900,0.0141,2
36000.0,36900.0,10:00,161182809,9.1450,9.0000,9.2900,0.2051,0.6100,0.6000,0.6200,0.0141,2
36000.0,36900.0,10:00,16312517,11.4100,10.0500,12.7700,1.9233,0.1000,0.0900,0.1100,0.0141,2
36000.0,36900.0,10:00,230820329#0,8.0550,7.8700,8.2400,0.2616,0.1350,0.1300,0.1400,0.0071,2
36000.0,36900.0,10:00,230820329#1,8.0550,7.8700,8.2400,0.2616,0.1350,0.1300,0.1400,0.0071,2
36000.0,36900.0,10:00,230820329#2,8.0550,7.8700,8.2400,0.2616,0.1350,0.1300,0.1400,0.0071,2
36000.0,36900.0,10:00,230834613#0,9.2250,8.4600,9.9900,1.0819,0.1200,0.1100,0.1300,0.0141,2
36000.0,36900.0,10:00,230834613#1,9.2250,8.4600,9.9900,1.0819,0.1200,0.1100,0.1300,0.0141,2
36000.0,36900.0,10:00,230834613#2,9.2250,8.4600,9.9900,1.0819,0.1200,0.1100,0.1300,0.0141,2
36000.0,36900.0,10:00,230834615,13.5150,13.1400,13.8900,0.5303,0.0800,0.0800,0.0800,0.0000,2
36000.0,36900.0,10:00,236455763#1,9.1250,8.8100,9.4400,0.4455,0.6100,0.5900,0.6300,0.0283,2
36000.0,36900.0,10:00,2534525#0,9.0950,8.8900,9.3000,0.2899,0.2450,0.2400,0.2500,0.0071,2
36000.0,36900.0,10:00,2534525#1,8.8650,8.8300,8.9000,0.0495,0.3750,0.3700,0.3800,0.0071,2
36000.0,36900.0,10:00,2534525#2,8.7000,8.5100,8.8900,0.2687,0.2550,0.2500,0.2600,0.0071,2
36000.0,36900.0,10:00,2534525#3,8.5600,8.3300,8.7900,0.3253,0.3900,0.3800,0.4000,0.0141,2
36000.0,36900.0,10:00,2535038#0,13.8900,13.8900,13.8900,0.0000,0.0800,0.0800,0.0800,0.0000,2
36000.0,36900.0,10:00,2535038#1,13.8900,13.8900,13.8900,0.0000,0.0800,0.0800,0.0800,0.0000,2
36000.0,36900.0,10:00,2535038#2,13.8900,13.8900,13.8900,0.0000,0.0800,0.0800,0.0800,0.0000,2
36000.0,36900.0,10:00,2535039#0,8.3500,8.3100,8.3900,0.0566,0.5300,0.5300,0.5300,0.0000,2
36000.0,36900.0,10:00,2535114#2,13.1150,12.5500,13.6800,0.7990,0.0850,0.0800,0.0900,0.0071,2
36000.0,36900.0,10:00,2535114#3,13.1100,12.5500,13.6700,0.7920,0.0850,0.0800,0.0900,0.0071,2
36000.0,36900.0,10:00,2535115#0,8.5100,8.2500,8.7700,0.3677,1.0450,1.0100,1.0800,0.0495,2
36000.0,36900.0,10:00,2535350#1,9.0500,8.5200,9.5800,0.7495,0.1250,0.1200,0.1300,0.0071,2
36000.0,36900.0,10:00,2535350#2,9.1450,8.6500,9.6400,0.7000,0.1250,0.1200,0.1300,0.0071,2
36000.0,36900.0,10:00,2535381#0,8.6600,8.5700,8.7500,0.1273,0.2550,0.2500,0.2600,0.0071,2
36000.0,36900.0,10:00,2535382#0,9.1450,8.6500,9.6400,0.7000,0.1250,0.1200,0.1300,0.0071,2
36000.0,36900.0,10:00,2535383#1,14.2900,14.2900,14.2900,0.0000,0.0800,0.0800,0.0800,0.0000,2
36000.0,36900.0,10:00,2535383#2,13.8900,13.8900,13.8900,0.0000,0.0800,0.0800,0.0800,0.0000,2
36000.0,36900.0,10:00,2541828#0,12.1700,11.2700,13.0700,1.2728,0.1850,0.1700,0.2000,0.0212,2
36000.0,36900.0,10:00,2541828#1,12.1700,11.2800,13.0600,1.2587,0.1850,0.1700,0.2000,0.0212,2
36000.0,36900.0,10:00,2541944#2,8.6650,8.5800,8.7500,0.1202,0.2550,0.2500,0.2600,0.0071,2
36000.0,36900.0,10:00,2541944#3,9.0550,9.0200,9.0900,0.0495,0.3700,0.3700,0.3700,0.0000,2
36000.0,36900.0,10:00,2541944#5,9.0600,9.0200,9.1000,0.0566,0.3700,0.3700,0.3700,0.0000,2
36000.0,36900.0,10:00,2541944#6,9.0600,9.0200,9.1000,0.0566,0.3700,0.3700,0.3700,0.0000,2
36000.0,36900.0,10:00,2541944#7,8.6700,8.5800,8.7600,0.1273,0.6300,0.6200,0.6400,0.0141,2
36000.0,36900.0,10:00,2541944#8,8.4200,8.2900,8.5500,0.1838,0.5300,0.5200,0.5400,0.0141,2
36000.0,36900.0,10:00,2541944#9,8.4200,8.2900,8.5500,0.1838,0.5300,0.5200,0.5400,0.0141,2
36000.0,36900.0,10:00,2543134#1,12.9100,11.9400,13.8800,1.3718,0.0850,0.0800,0.0900,0.0071,2
36000.0,36900.0,10:00,2543332#0,8.3200,7.9100,8.7300,0.5798,0.2650,0.2500,0.2800,0.0212,2
36000.0,36900.0,10:00,2543332#1,8.3200,7.9100,8.7300,0.5798,0.2650,0.2500,0.2800,0.0212,2
36000.0,36900.0,10:00,2543333,13.8900,13.8900,13.8900,0.0000,0.0800,0.0800,0.0800,0.0000,2
36000.0,36900.0,10:00,2544438#2,12.9350,11.9800,13.8900,1.3506,0.0850,0.0800,0.0900,0.0071,2
36000.0,36900.0,10:00,2544438#4,12.9350,11.9800,13.8900,1.3506,0.0850,0.0800,0.0900,0.0071,2
36000.0,36900.0,10:00,2544438#5,12.9400,11.9900,13.8900,1.3435,0.0850,0.0800,0.0900,0.0071,2
36000.0,36900.0,10:00,2544440#1,8.1750,7.8600,8.4900,0.4455,0.5450,0.5200,0.5700,0.0354,2
36000.0,36900.0,10:00,2544440#2,8.1750,7.8600,8.4900,0.4455,0.5450,0.5200,0.5700,0.0354,2
36000.0,36900.0,10:00,2570429#0,8.5400,8.4200,8.6600,0.1697,0.5200,0.5100,0.5300,0.0141,2
36000.0,36900.0,10:00,2570429#1,8.5400,8.4200,8.6600,0.1697,0.5200,0.5100,0.5300,0.0141,2
36000.0,36900.0,10:00,2570429#2,8.5600,8.4200,8.7000,0.1980,0.5200,0.5100,0.5300,0.0141,2
36000.0,36900.0,10:00,2570429#3,8.9600,8.8300,9.0900,0.1838,0.3750,0.3700,0.3800,0.0071,2
36000.0,36900.0,10:00,2570542,13.8900,13.8900,13.8900,0.0000,0.2400,0.2400,0.2400,0.0000,2
36000.0,36900.0,10:00,289329430#0,11.5450,11.1800,11.9100,0.5162,0.1950,0.1900,0.2000,0.0071,2
36000.0,36900.0,10:00,289329430#1,11.5450,11.1800,11.9100,0.5162,0.1950,0.1900,0.2000,0.0071,2
36000.0,36900.0,10:00,30278393#0,9.8300,8.9800,10.6800,1.2021,0.1100,0.1000,0.1200,0.0141,2
36000.0,36900.0,10:00,31992815,13.8900,13.8900,13.8900,0.0000,0.2400,0.2400,0.2400,0.0000,2
36000.0,36900.0,10:00,354671651#1,9.1250,9.0600,9.1900,0.0919,0.1200,0.1200,0.1200,0.0000,2
36000.0,36900.0,10:00,354671651#2,9.1300,9.0600,9.2000,0.0990,0.1200,0.1200,0.1200,0.0000,2
36000.0,36900.0,10:00,361257029,8.2550,8.0000,8.5100,0.3606,0.2700,0.2600,0.2800,0.0141,2
36000.0,36900.0,10:00,37899394#0,16.6700,16.6700,16.6700,0.0000,0.0700,0.0700,0.0700,0.0000,2
36000.0,36900.0,10:00,380310114#0,8.4050,7.5200,9.2900,1.2516,0.2700,0.2400,0.3000,0.0424,2
36000.0,36900.0,10:00,380310114#2,8.4050,7.5200,9.2900,1.2516,0.2700,0.2400,0.3000,0.0424,2
36000.0,36900.0,10:00,383327664#0,9.1200,8.8000,9.4400,0.4525,0.6100,0.5900,0.6300,0.0283,2
36000.0,36900.0,10:00,383327664#2,9.1250,8.8100,9.4400,0.4455,0.6100,0.5900,0.6300,0.0283,2
36000.0,36900.0,10:00,384828057#0,9.1250,8.8100,9.4400,0.4455,0.6100,0.5900,0.6300,0.0283,2
36000.0,36900.0,10:00,39646561,13.8900,13.8900,13.8900,0.0000,0.3200,0.3200,0.3200,0.0000,2
36000.0,36900.0,10:00,400886689#1,10.2950,10.2200,10.3700,0.1061,0.2150,0.2100,0.2200,0.0071,2
36000.0,36900.0,10:00,401595498,9.1400,8.8100,9.4700,0.4667,0.4850,0.4700,0.5000,0.0212,2
36000.0,36900.0,10:00,41223305,8.0850,7.9700,8.2000,0.1626,0.1400,0.1400,0.1400,0.0000,2
36000.0,36900.0,10:00,41754609#0,13.4800,13.3600,13.6000,0.1697,0.3300,0.3300,0.3300,0.0000,2
36000.0,36900.0,10:00,41754609#1,13.4800,13.3600,13.6000,0.1697,0.3300,0.3300,0.3300,0.0000,2
36000.0,36900.0,10:00,427821329#1,7.3450,6.4700,8.2200,1.2374,0.1550,0.1400,0.1700,0.0212,2
36000.0,36900.0,10:00,427821329#2,7.3500,6.4700,8.2300,1.2445,0.1550,0.1400,0.1700,0.0212,2
36000.0,36900.0,10:00,429206409,9.1250,8.8100,9.4400,0.4455,0.6100,0.5900,0.6300,0.0283,2
36000.0,36900.0,10:00,449880197#0,8.4050,8.3000,8.5100,0.1485,0.6600,0.6500,0.6700,0.0141,2
36000.0,36900.0,10:00,449880200,12.1700,11.2800,13.0600,1.2587,0.1850,0.1700,0.2000,0.0212,2
36000.0,36900.0,10:00,450227283#1,10.0400,9.4000,10.6800,0.9051,0.1100,0.1000,0.1200,0.0141,2
36000.0,36900.0,10:00,450227283#2,10.3000,10.2300,10.3700,0.0990,0.2150,0.2100,0.2200,0.0071,2
36000.0,36900.0,10:00,451081200,13.8700,13.8700,13.8700,0.0000,0.0800,0.0800,0.0800,0.0000,2
36000.0,36900.0,10:00,452105746#0,8.5100,8.2500,8.7700,0.3677,1.0450,1.0100,1.0800,0.0495,2
36000.0,36900.0,10:00,452105746#1,8.5100,8.2500,8.7700,0.3677,1.0450,1.0100,1.0800,0.0495,2
36000.0,36900.0,10:00,452105747,8.5300,8.1800,8.8800,0.4950,0.9150,0.8800,0.9500,0.0495,2
36000.0,36900.0,10:00,455063592,11.7050,10.6900,12.7200,1.4354,0.0950,0.0900,0.1000,0.0071,2
36000.0,36900.0,10:00,455476281#0,8.7100,8.6600,8.7600,0.0707,0.5100,0.5100,0.5100,0.0000,2
36000.0,36900.0,10:00,455476281#1,9.2000,8.7500,9.6500,0.6364,0.2400,0.2300,0.2500,0.0141,2
36000.0,36900.0,10:00,456194040#0,13.8900,13.8900,13.8900,0.0000,0.3200,0.3200,0.3200,0.0000,2
36000.0,36900.0,10:00,456194040#3,13.8900,13.8900,13.8900,0.0000,0.3200,0.3200,0.3200,0.0000,2
36000.0,36900.0,10:00,456598077,12.1850,12.0200,12.3500,0.2333,0.1800,0.1800,0.1800,0.0000,2
36000.0,36900.0,10:00,4609278,13.8900,13.8900,13.8900,0.0000,0.3200,0.3200,0.3200,0.0000,2
36000.0,36900.0,10:00,461119579,13.4400,13.2200,13.6600,0.3111,0.4150,0.4100,0.4200,0.0071,2
36000.0,36900.0,10:00,4692270#2,9.0050,8.9200,9.0900,0.1202,0.4950,0.4900,0.5000,0.0071,2
36000.0,36900.0,10:00,4692270#3,9.0050,8.9200,9.0900,0.1202,0.4950,0.4900,0.5000,0.0071,2
36000.0,36900.0,10:00,4692272#0,8.1450,7.9000,8.3900,0.3465,0.8150,0.7900,0.8400,0.0354,2
36000.0,36900.0,10:00,4725452,8.7150,8.4300,9.0000,0.4031,0.1250,0.1200,0.1300,0.0071,2
36000.0,36900.0,10:00,4725794#1,13.8900,13.8900,13.8900,0.0000,0.0800,0.0800,0.0800,0.0000,2
36000.0,36900.0,10:00,4725920#0,8.2700,7.8400,8.7000,0.6081,0.2700,0.2600,0.2800,0.0141,2
36000.0,36900.0,10:00,4725920#1,8.2700,7.8400,8.7000,0.6081,0.2700,0.2600,0.2800,0.0141,2
36000.0,36900.0,10:00,4725920#2,8.5750,7.8500,9.3000,1.0253,0.3900,0.3600,0.4200,0.0424,2
36000.0,36900.0,10:00,4725920#3,8.5700,7.8400,9.3000,1.0324,0.3900,0.3600,0.4200,0.0424,2
36000.0,36900.0,10:00,4725926#0,8.3350,7.9100,8.7600,0.6010,0.4000,0.3800,0.4200,0.0283,2
36000.0,36900.0,10:00,4728900#1,8.9600,8.8300,9.0900,0.1838,0.3750,0.3700,0.3800,0.0071,2
36000.0,36900.0,10:00,645694987#1,8.1550,7.9900,8.3200,0.2333,0.5450,0.5300,0.5600,0.0212,2
36000.0,36900.0,10:00,645694987#2,8.1550,7.9900,8.3200,0.2333,0.5450,0.5300,0.5600,0.0212,2
36000.0,36900.0,10:00,645694987#3,8.3300,7.9000,8.7600,0.6081,0.4000,0.3800,0.4200,0.0283,2
36000.0,36900.0,10:00,650010534,13.5000,13.3500,13.6500,0.2121,0.3600,0.3400,0.3800,0.0283,2
36000.0,36900.0,10:00,661903030,8.8350,8.3600,9.3100,0.6718,0.5050,0.4800,0.5300,0.0354,2
36000.0,36900.0,10:00,673497910#1,8.4200,8.2900,8.5500,0.1838,0.5300,0.5200,0.5400,0.0141,2
36000.0,36900.0,10:00,681388530#0,13.3550,10.5500,16.1600,3.9669,0.0900,0.0700,0.1100,0.0283,2
36000.0,36900.0,10:00,681388530#1,13.3550,10.5500,16.1600,3.9669,0.0900,0.0700,0.1100,0.0283,2
36000.0,36900.0,10:00,68756019#0,13.8500,13.8500,13.8500,0.0000,0.2400,0.2400,0.2400,0.0000,2
36000.0,36900.0,10:00,68756019#1,13.6150,13.5900,13.6400,0.0354,0.2450,0.2400,0.2500,0.0071,2
36000.0,36900.0,10:00,68756019#3,13.6200,13.5900,13.6500,0.0424,0.2450,0.2400,0.2500,0.0071,2
36000.0,36900.0,10:00,68756023#1,13.4150,13.2200,13.6100,0.2758,0.2450,0.2400,0.2500,0.0071,2
36000.0,36900.0,10:00,68756043#0,13.4800,13.3600,13.6000,0.1697,0.3300,0.3300,0.3300,0.0000,2
36000.0,36900.0,10:00,68756043#1,13.4850,13.3700,13.6000,0.1626,0.3300,0.3300,0.3300,0.0000,2
36000.0,36900.0,10:00,68756056#0,13.5600,13.4700,13.6500,0.1273,0.4100,0.4100,0.4100,0.0000,2
36000.0,36900.0,10:00,68756056#1,13.5400,13.4700,13.6100,0.0990,0.4100,0.4100,0.4100,0.0000,2
36000.0,36900.0,10:00,68756056#2,13.5600,13.4700,13.6500,0.1273,0.4100,0.4100,0.4100,0.0000,2
36000.0,36900.0,10:00,68756056#4,13.5650,13.4700,13.6600,0.1344,0.4100,0.4100,0.4100,0.0000,2
36000.0,36900.0,10:00,68756101,13.4850,13.3300,13.6400,0.2192,0.2450,0.2400,0.2500,0.0071,2
36000.0,36900.0,10:00,717611302,12.9700,12.4900,13.4500,0.6788,0.3450,0.3300,0.3600,0.0212,2
36000.0,36900.0,10:00,717611307#0,12.9750,12.4900,13.4600,0.6859,0.3450,0.3300,0.3600,0.0212,2
36000.0,36900.0,10:00,717611307#1,13.2450,12.7000,13.7900,0.7707,0.3350,0.3200,0.3500,0.0212,2
36000.0,36900.0,10:00,721312550,8.7150,8.4300,9.0000,0.4031,0.1250,0.1200,0.1300,0.0071,2
36000.0,36900.0,10:00,723584180#0,8.6600,8.5700,8.7500,0.1273,0.2550,0.2500,0.2600,0.0071,2
36000.0,36900.0,10:00,723584180#1,8.6600,8.5700,8.7500,0.1273,0.2550,0.2500,0.2600,0.0071,2
36000.0,36900.0,10:00,729244957#1,13.1100,12.9200,13.3000,0.2687,0.3350,0.3300,0.3400,0.0071,2
36000.0,36900.0,10:00,79633771#0,8.8300,8.3600,9.3000,0.6647,0.5050,0.4800,0.5300,0.0354,2
36000.0,36900.0,10:00,79633771#2,8.8300,8.3600,9.3000,0.6647,0.5050,0.4800,0.5300,0.0354,2
36000.0,36900.0,10:00,830416769,13.2450,12.7000,13.7900,0.7707,0.3350,0.3200,0.3500,0.0212,2
36000.0,36900.0,10:00,83207313#1,13.3550,10.5500,16.1600,3.9669,0.0900,0.0700,0.1100,0.0283,2
36000.0,36900.0,10:00,83207313#3,13.3500,10.5500,16.1500,3.9598,0.0900,0.0700,0.1100,0.0283,2
36000.0,36900.0,10:00,83207316,12.7100,12.0900,13.3300,0.8768,0.2650,0.2500,0.2800,0.0212,2
36000.0,36900.0,10:00,837865886#0,7.9700,7.4700,8.4700,0.7071,0.2800,0.2600,0.3000,0.0283,2
36000.0,36900.0,10:00,837865886#1,7.9700,7.4700,8.4700,0.7071,0.2800,0.2600,0.3000,0.0283,2
36000.0,36900.0,10:00,858813335,12.1700,11.2800,13.0600,1.2587,0.1850,0.1700,0.2000,0.0212,2
36000.0,36900.0,10:00,858813352,12.1700,11.2800,13.0600,1.2587,0.1850,0.1700,0.2000,0.0212,2
36000.0,36900.0,10:00,858813354#0,13.4150,13.2200,13.6100,0.2758,0.2450,0.2400,0.2500,0.0071,2
36000.0,36900.0,10:00,883193661#0,12.3050,11.8100,12.8000,0.7000,0.0900,0.0900,0.0900,0.0000,2
36000.0,36900.0,10:00,887871736#0,13.8900,13.8900,13.8900,0.0000,0.0800,0.0800,0.0800,0.0000,2
36000.0,36900.0,10:00,887871736#1,13.9500,13.9500,13.9500,0.0000,0.0800,0.0800,0.0800,0.0000,2
36000.0,36900.0,10:00,912997280,8.9600,8.8300,9.0900,0.1838,0.3750,0.3700,0.3800,0.0071,2
36000.0,36900.0,10:00,913001041,13.8900,13.8900,13.8900,0.0000,0.2400,0.2400,0.2400,0.0000,2
36000.0,36900.0,10:00,913008650,12.5800,12.5000,12.6600,0.1131,0.4400,0.4400,0.4400,0.0000,2
36000.0,36900.0,10:00,926028935#0,8.8900,8.6200,9.1600,0.3818,0.6250,0.6100,0.6400,0.0212,2
36000.0,36900.0,10:00,928436139#0,8.3300,7.9000,8.7600,0.6081,0.4000,0.3800,0.4200,0.0283,2
36000.0,36900.0,10:00,928436139#1,8.3300,7.9000,8.7600,0.6081,0.4000,0.3800,0.4200,0.0283,2
36000.0,36900.0,10:00,928436139#2,8.3350,7.9100,8.7600,0.6010,0.4000,0.3800,0.4200,0.0283,2
36000.0,36900.0,10:00,939067973,12.1550,11.2700,13.0400,1.2516,0.1850,0.1700,0.2000,0.0212,2
36000.0,36900.0,10:00,939067974#1,9.1300,9.0600,9.2000,0.0990,0.1200,0.1200,0.1200,0.0000,2
36000.0,36900.0,10:00,939067975#0,9.1300,9.0600,9.2000,0.0990,0.1200,0.1200,0.1200,0.0000,2
36000.0,36900.0,10:00,939067975#1,9.1300,9.0600,9.2000,0.0990,0.1200,0.1200,0.1200,0.0000,2
36000.0,36900.0,10:00,94511068#0,8.0850,7.9700,8.2000,0.1626,0.1400,0.1400,0.1400,0.0000,2
36000.0,36900.0,10:00,94511068#1,8.6400,8.5500,8.7300,0.1273,0.2550,0.2500,0.2600,0.0071,2
36000.0,36900.0,10:00,94511068#2,9.2750,9.2200,9.3300,0.0778,0.1200,0.1200,0.1200,0.0000,2
36000.0,36900.0,10:00,94541123,12.4950,11.8800,13.1100,0.8697,0.2650,0.2500,0.2800,0.0212,2
36000.0,36900.0,10:00,953082529#1,12.9700,12.8300,13.1100,0.1980,0.2550,0.2500,0.2600,0.0071,2
36000.0,36900.0,10:00,953082529#2,13.0400,13.0400,13.0400,0.0000,0.2600,0.2600,0.2600,0.0000,2
36000.0,36900.0,10:00,953082529#3,12.9750,12.8400,13.1100,0.1909,0.2550,0.2500,0.2600,0.0071,2
36000.0,36900.0,10:00,956982233#1,9.2000,8.7500,9.6500,0.6364,0.2400,0.2300,0.2500,0.0141,2
36000.0,36900.0,10:00,985837487,13.8900,13.8900,13.8900,0.0000,0.0800,0.0800,0.0800,0.0000,2
36900.0,37800.0,10:15,-1025366406,8.6800,8.6200,8.7400,0.0849,0.1300,0.1300,0.1300,0.0000,2
36900.0,37800.0,10:15,-1026085894#0,10.4650,9.9500,10.9800,0.7283,0.1050,0.1000,0.1100,0.0071,2
36900.0,37800.0,10:15,-1026085894#1,10.4650,9.9500,10.9800,0.7283,0.1050,0.1000,0.1100,0.0071,2
36900.0,37800.0,10:15,-1026085894#2,10.4650,9.9500,10.9800,0.7283,0.1050,0.1000,0.1100,0.0071,2
36900.0,37800.0,10:15,-1026845806,11.1100,11.1100,11.1100,0.0000,0.1000,0.1000,0.1000,0.0000,2
36900.0,37800.0,10:15,-104288999,9.3450,9.1100,9.5800,0.3323,0.2350,0.2300,0.2400,0.0071,2
36900.0,37800.0,10:15,-1053066061#2,8.4700,8.0000,8.9400,0.6647,0.1300,0.1200,0.1400,0.0141,2
36900.0,37800.0,10:15,-1053066068#1,8.4700,8.0000,8.9400,0.6647,0.1300,0.1200,0.1400,0.0141,2
36900.0,37800.0,10:15,-1053066068#3,8.4700,8.0000,8.9400,0.6647,0.1300,0.1200,0.1400,0.0141,2
36900.0,37800.0,10:15,-1053066068#4,8.4300,7.9200,8.9400,0.7212,0.1300,0.1200,0.1400,0.0141,2
36900.0,37800.0,10:15,-1053979387,16.6700,16.6700,16.6700,0.0000,0.0700,0.0700,0.0700,0.0000,2
36900.0,37800.0,10:15,-1053979388#1,9.4850,9.2400,9.7300,0.3465,0.2350,0.2300,0.2400,0.0071,2
36900.0,37800.0,10:15,-1053979388#2,8.6850,8.6200,8.7500,0.0919,0.1300,0.1300,0.1300,0.0000,2
36900.0,37800.0,10:15,-1054418205,10.2050,9.9100,10.5000,0.4172,0.2150,0.2100,0.2200,0.0071,2
36900.0,37800.0,10:15,-11022533#0,10.1900,9.8700,10.5100,0.4525,0.2200,0.2100,0.2300,0.0141,2
36900.0,37800.0,10:15,-11022533#2,10.2050,9.9100,10.5000,0.4172,0.2150,0.2100,0.2200,0.0071,2
36900.0,37800.0,10:15,-1315301900#2,8.4700,8.0000,8.9400,0.6647,0.1300,0.1200,0.1400,0.0141,2
36900.0,37800.0,10:15,-134063977#1,12.3400,12.3400,12.3400,0.0000,0.1800,0.1800,0.1800,0.0000,2
36900.0,37800.0,10:15,-134818130#0,13.1550,12.4200,13.8900,1.0394,0.0850,0.0800,0.0900,0.0071,2
36900.0,37800.0,10:15,-134818130#1,13.1550,12.4200,13.8900,1.0394,0.0850,0.0800,0.0900,0.0071,2
36900.0,37800.0,10:15,-135706987#0,13.8900,13.8900,13.8900,0.0000,0.3200,0.3200,0.3200,0.0000,2
36900.0,37800.0,10:15,-13715475#0,8.4900,7.9900,8.9900,0.7071,0.2650,0.2500,0.2800,0.0212,2
36900.0,37800.0,10:15,-13715475#1,8.7650,8.6000,8.9300,0.2333,0.4900,0.4600,0.5200,0.0424,2
36900.0,37800.0,10:15,-16312517,13.3000,12.7100,13.8900,0.8344,0.0850,0.0800,0.0900,0.0071,2
36900.0,37800.0,10:15,-172336694,9.1500,8.8000,9.5000,0.4950,0.1250,0.1200,0.1300,0.0071,2
36900.0,37800.0,10:15,-236455763#2,8.8450,8.6800,9.0100,0.2333,0.5000,0.4900,0.5100,0.0141,2
36900.0,37800.0,10:15,-2535004#0,13.3950,12.5000,14.2900,1.2657,0.0850,0.0800,0.0900,0.0071,2
36900.0,37800.0,10:15,-2535004#2,13.2150,12.5500,13.8800,0.9405,0.0850,0.0800,0.0900,0.0071,2
36900.0,37800.0,10:15,-2535038#0,12.3500,12.3500,12.3500,0.0000,0.1800,0.1800,0.1800,0.0000,2
36900.0,37800.0,10:15,-2535038#1,12.3400,12.3400,12.3400,0.0000,0.1800,0.1800,0.1800,0.0000,2
36900.0,37800.0,10:15,-2535038#3,12.3400,12.3400,12.3400,0.0000,0.1800,0.1800,0.1800,0.0000,2
36900.0,37800.0,10:15,-2535038#4,12.3700,12.3700,12.3700,0.0000,0.1800,0.1800,0.1800,0.0000,2
36900.0,37800.0,10:15,-2535039#2,8.9550,8.7400,9.1700,0.3041,0.5600,0.4800,0.6400,0.1131,2
36900.0,37800.0,10:15,-2535115#1,8.8350,8.7700,8.9000,0.0919,0.6250,0.6200,0.6300,0.0071,2
36900.0,37800.0,10:15,-2535350#1,8.3900,7.9300,8.8500,0.6505,0.1350,0.1300,0.1400,0.0071,2
36900.0,37800.0,10:15,-2535382#0,8.4700,8.0000,8.9400,0.6647,0.1300,0.1200,0.1400,0.0141,2
36900.0,37800.0,10:15,-2535383#0,13.9000,13.9000,13.9000,0.0000,0.0800,0.0800,0.0800,0.0000,2
36900.0,37800.0,10:15,-2535383#1,14.2900,14.2900,14.2900,0.0000,0.0800,0.0800,0.0800,0.0000,2
36900.0,37800.0,10:15,-2535383#2,13.8900,13.8900,13.8900,0.0000,0.0800,0.0800,0.0800,0.0000,2
36900.0,37800.0,10:15,-2535383#4,12.3500,12.3500,12.3500,0.0000,0.1800,0.1800,0.1800,0.0000,2
36900.0,37800.0,10:15,-2535383#5,13.8900,13.8900,13.8900,0.0000,0.0800,0.0800,0.0800,0.0000,2
36900.0,37800.0,10:15,-2543333,12.7550,12.4600,13.0500,0.4172,0.3500,0.3400,0.3600,0.0141,2
36900.0,37800.0,10:15,-28907928#0,11.1100,11.1100,11.1100,0.0000,0.1000,0.1000,0.1000,0.0000,2
36900.0,37800.0,10:15,-28907928#1,11.1100,11.1100,11.1100,0.0000,0.1000,0.1000,0.1000,0.0000,2
36900.0,37800.0,10:15,-37899394#3,14.6450,14.1400,15.1500,0.7142,0.1200,0.0900,0.1500,0.0424,2
36900.0,37800.0,10:15,-37899394#4,14.8350,14.2900,15.3800,0.7707,0.1100,0.0800,0.1400,0.0424,2
36900.0,37800.0,10:15,-380310114#0,8.8550,8.3700,9.3400,0.6859,0.1250,0.1200,0.1300,0.0071,2
36900.0,37800.0,10:15,-380310114#3,9.2750,9.0000,9.5500,0.3889,0.1200,0.1200,0.1200,0.0000,2
36900.0,37800.0,10:15,-383327664#1,9.0550,8.6800,9.4300,0.5303,0.3650,0.3500,0.3800,0.0212,2
36900.0,37800.0,10:15,-383327664#3,9.0550,8.6800,9.4300,0.5303,0.3650,0.3500,0.3800,0.0212,2
36900.0,37800.0,10:15,-384828057#1,9.0550,8.6800,9.4300,0.5303,0.3650,0.3500,0.3800,0.0212,2
36900.0,37800.0,10:15,-400886685#1,8.7950,8.4500,9.1400,0.4879,0.1250,0.1200,0.1300,0.0071,2
36900.0,37800.0,10:15,-400886689#0,8.9850,8.6200,9.3500,0.5162,0.5000,0.4800,0.5200,0.0283,2
36900.0,37800.0,10:15,-400886691#0,9.0550,8.6800,9.4300,0.5303,0.3650,0.3500,0.3800,0.0212,2
36900.0,37800.0,10:15,-427821329#1,9.3400,9.1000,9.5800,0.3394,0.2350,0.2300,0.2400,0.0071,2
36900.0,37800.0,10:15,-427821329#2,9.3450,9.1100,9.5800,0.3323,0.2350,0.2300,0.2400,0.0071,2
36900.0,37800.0,10:15,-429206409,8.7800,8.4500,9.1100,0.4667,0.5100,0.4900,0.5300,0.0283,2
36900.0,37800.0,10:15,-450227283#1,8.9850,8.6200,9.3500,0.5162,0.5000,0.4800,0.5200,0.0283,2
36900.0,37800.0,10:15,-451081200,12.7400,12.4400,13.0400,0.4243,0.3500,0.3400,0.3600,0.0141,2
36900.0,37800.0,10:15,-452105746#0,8.8350,8.7700,8.9000,0.0919,0.6250,0.6200,0.6300,0.0071,2
36900.0,37800.0,10:15,-452105746#1,8.3150,7.8600,8.7700,0.6435,0.6700,0.6300,0.7100,0.0566,2
36900.0,37800.0,10:15,-452105747,9.0350,8.5700,9.5000,0.6576,0.2450,0.2300,0.2600,0.0212,2
36900.0,37800.0,10:15,-455063592,12.7100,12.6000,12.8200,0.1556,0.2600,0.2600,0.2600,0.0000,2
36900.0,37800.0,10:15,-4652433,12.2800,11.9900,12.5700,0.4101,0.1400,0.0900,0.1900,0.0707,2
36900.0,37800.0,10:15,-661903030,10.2000,9.9100,10.4900,0.4101,0.2150,0.2100,0.2200,0.0071,2
36900.0,37800.0,10:15,-681388530#0,12.3500,12.1400,12.5600,0.2970,0.1300,0.0900,0.1700,0.0566,2
36900.0,37800.0,10:15,-681388530#1,13.2250,12.5600,13.8900,0.9405,0.0850,0.0800,0.0900,0.0071,2
36900.0,37800.0,10:15,-775996047#0,10.4600,9.9500,10.9700,0.7212,0.1050,0.1000,0.1100,0.0071,2
36900.0,37800.0,10:15,-775996047#1,10.4650,9.9500,10.9800,0.7283,0.1050,0.1000,0.1100,0.0071,2
36900.0,37800.0,10:15,-775996047#3,10.5550,10.0000,11.1100,0.7849,0.1050,0.1000,0.1100,0.0071,2
36900.0,37800.0,10:15,-775996047#4,10.4650,9.9500,10.9800,0.7283,0.1050,0.1000,0.1100,0.0071,2
36900.0,37800.0,10:15,-775996047#5,10.4650,9.9500,10.9800,0.7283,0.1050,0.1000,0.1100,0.0071,2
36900.0,37800.0,10:15,-779932972#0,13.2350,12.5700,13.9000,0.9405,0.0850,0.0800,0.0900,0.0071,2
36900.0,37800.0,10:15,-779932972#1,13.2250,12.5600,13.8900,0.9405,0.0850,0.0800,0.0900,0.0071,2
36900.0,37800.0,10:15,-79633771#1,9.8850,9.6500,10.1200,0.3323,0.3400,0.3300,0.3500,0.0141,2
36900.0,37800.0,10:15,-79633771#2,9.8800,9.6500,10.1100,0.3253,0.3400,0.3300,0.3500,0.0141,2
36900.0,37800.0,10:15,-83207313#2,12.2750,11.9900,12.5600,0.4031,0.1400,0.0900,0.1900,0.0707,2
36900.0,37800.0,10:15,-887871736#0,12.7500,12.4600,13.0400,0.4101,0.3500,0.3400,0.3600,0.0141,2
36900.0,37800.0,10:15,-887871736#1,12.7100,12.4200,13.0000,0.4101,0.3500,0.3400,0.3600,0.0141,2
36900.0,37800.0,10:15,-926028935#1,10.2050,9.9100,10.5000,0.4172,0.2150,0.2100,0.2200,0.0071,2
36900.0,37800.0,10:15,-928691979#0,12.3500,12.3500,12.3500,0.0000,0.1800,0.1800,0.1800,0.0000,2
36900.0,37800.0,10:15,-988616601#0,13.1550,12.4200,13.8900,1.0394,0.0850,0.0800,0.0900,0.0071,2
36900.0,37800.0,10:15,-988616601#1,13.1600,12.3900,13.9300,1.0889,0.0850,0.0800,0.0900,0.0071,2
36900.0,37800.0,10:15,-990834100,8.4700,8.0000,8.9400,0.6647,0.1300,0.1200,0.1400,0.0141,2
36900.0,37800.0,10:15,1026085894#0,10.4650,9.9500,10.9800,0.7283,0.1050,0.1000,0.1100,0.0071,2
36900.0,37800.0,10:15,1026085894#1,10.4650,9.9500,10.9800,0.7283,0.1050,0.1000,0.1100,0.0071,2
36900.0,37800.0,10:15,1026085894#2,10.4650,9.9500,10.9800,0.7283,0.1050,0.1000,0.1100,0.0071,2
36900.0,37800.0,10:15,1053066061#1,9.1500,8.8000,9.5000,0.4950,0.1250,0.1200,0.1300,0.0071,2
36900.0,37800.0,10:15,1053066062,9.1500,8.8000,9.5000,0.4950,0.1250,0.1200,0.1300,0.0071,2
36900.0,37800.0,10:15,1053066068#2,9.1450,8.8000,9.4900,0.4879,0.1250,0.1200,0.1300,0.0071,2
36900.0,37800.0,10:15,1053066068#4,9.1250,8.7200,9.5300,0.5728,0.1250,0.1200,0.1300,0.0071,2
36900.0,37800.0,10:15,1053979387,16.6700,16.6700,16.6700,0.0000,0.0700,0.0700,0.0700,0.0000,2
36900.0,37800.0,10:15,1053979388#0,10.4650,9.9500,10.9800,0.7283,0.1050,0.1000,0.1100,0.0071,2
36900.0,37800.0,10:15,1053979388#2,10.4650,9.9500,10.9800,0.7283,0.1050,0.1000,0.1100,0.0071,2
36900.0,37800.0,10:15,1054418205,8.5600,8.5300,8.5900,0.0424,0.2600,0.2600,0.2600,0.0000,2
36900.0,37800.0,10:15,1058344629,12.7050,11.9900,13.4200,1.0112,0.0850,0.0800,0.0900,0.0071,2
36900.0,37800.0,10:15,1058647170,8.3250,7.9500,8.7000,0.5303,0.1350,0.1300,0.1400,0.0071,2
36900.0,37800.0,10:15,1058647171#0,8.3250,7.9500,8.7000,0.5303,0.1350,0.1300,0.1400,0.0071,2
36900.0,37800.0,10:15,1082662006,13.5950,12.9000,14.2900,0.9829,0.1650,0.1600,0.1700,0.0071,2
36900.0,37800.0,10:15,1082665464,13.3700,12.8600,13.8800,0.7212,0.1650,0.1600,0.1700,0.0071,2
36900.0,37800.0,10:15,11018592,8.9850,8.6200,9.3500,0.5162,0.5000,0.4800,0.5200,0.0283,2
36900.0,37800.0,10:15,11022533#0,8.5600,8.5300,8.5900,0.0424,0.2600,0.2600,0.2600,0.0000,2
36900.0,37800.0,10:15,11022533#1,8.5650,8.5400,8.5900,0.0354,0.2600,0.2600,0.2600,0.0000,2
36900.0,37800.0,10:15,1117683359#0,8.8350,8.7700,8.9000,0.0919,0.6250,0.6200,0.6300,0.0071,2
36900.0,37800.0,10:15,1149713177#0,9.2700,9.0000,9.5400,0.3818,0.1200,0.1200,0.1200,0.0000,2
36900.0,37800.0,10:15,1149713177#1,9.2700,9.0000,9.5400,0.3818,0.1200,0.1200,0.1200,0.0000,2
36900.0,37800.0,10:15,1177239772#0,13.3600,12.8700,13.8500,0.6930,0.2500,0.2400,0.2600,0.0141,2
36900.0,37800.0,10:15,1220287663,13.3750,12.8600,13.8900,0.7283,0.1650,0.1600,0.1700,0.0071,2
36900.0,37800.0,10:15,1220287666,13.3750,12.8600,13.8900,0.7283,0.1650,0.1600,0.1700,0.0071,2
36900.0,37800.0,10:15,1315301899#0,13.2900,12.6900,13.8900,0.8485,0.0850,0.0800,0.0900,0.0071,2
36900.0,37800.0,10:15,1315301901,8.8350,8.7700,8.9000,0.0919,0.6250,0.6200,0.6300,0.0071,2
36900.0,37800.0,10:15,134063971,8.5650,8.5400,8.5900,0.0354,0.2600,0.2600,0.2600,0.0000,2
36900.0,37800.0,10:15,134136437#0,13.5950,12.9000,14.2900,0.9829,0.1650,0.1600,0.1700,0.0071,2
36900.0,37800.0,10:15,134411713#0,8.5650,8.5400,8.5900,0.0354,0.2600,0.2600,0.2600,0.0000,2
36900.0,37800.0,10:15,134411713#2,8.5650,8.5400,8.5900,0.0354,0.2600,0.2600,0.2600,0.0000,2
36900.0,37800.0,10:15,134818126#0,13.1500,12.4200,13.8800,1.0324,0.0850,0.0800,0.0900,0.0071,2
36900.0,37800.0,10:15,134818126#1,13.1550,12.4200,13.8900,1.0394,0.0850,0.0800,0.0900,0.0071,2
36900.0,37800.0,10:15,1361717374#2,8.5700,8.5400,8.6000,0.0424,0.2600,0.2600,0.2600,0.0000,2
36900.0,37800.0,10:15,13715475#0,8.4900,7.9900,8.9900,0.7071,0.2650,0.2500,0.2800,0.0212,2
36900.0,37800.0,10:15,13715475#1,9.4500,9.4500,9.4500,0.0000,0.1100,0.1100,0.1100,0.0000,1
36900.0,37800.0,10:15,1386311780#1,11.1100,11.1100,11.1100,0.0000,0.1000,0.1000,0.1000,0.0000,2
36900.0,37800.0,10:15,1424789401#0,9.2750,9.0000,9.5500,0.3889,0.1200,0.1200,0.1200,0.0000,2
36900.0,37800.0,10:15,1424789401#1,9.2750,9.0000,9.5500,0.3889,0.1200,0.1200,0.1200,0.0000,2
36900.0,37800.0,10:15,1424789402,9.3050,9.0900,9.5200,0.3041,0.1200,0.1200,0.1200,0.0000,2
36900.0,37800.0,10:15,1424789403#0,8.7850,8.6900,8.8800,0.1344,0.2550,0.2500,0.2600,0.0071,2
36900.0,37800.0,10:15,1424789403#1,9.2250,8.4600,9.9900,1.0819,0.1200,0.1100,0.1300,0.0141,2
36900.0,37800.0,10:15,161182809,8.5650,8.5400,8.5900,0.0354,0.2600,0.2600,0.2600,0.0000,2
36900.0,37800.0,10:15,16312517,13.3000,12.7100,13.8900,0.8344,0.0850,0.0800,0.0900,0.0071,2
36900.0,37800.0,10:15,236455763#1,8.1750,8.1100,8.2400,0.0919,0.2700,0.2700,0.2700,0.0000,2
36900.0,37800.0,10:15,2535039#0,9.8350,9.5500,10.1200,0.4031,0.2950,0.2600,0.3300,0.0495,2
36900.0,37800.0,10:15,2535156#1,9.2700,9.0000,9.5400,0.3818,0.1200,0.1200,0.1200,0.0000,2
36900.0,37800.0,10:15,2535350#1,9.2150,8.8500,9.5800,0.5162,0.1250,0.1200,0.1300,0.0071,2
36900.0,37800.0,10:15,2535350#2,8.7750,8.6800,8.8700,0.1344,0.2550,0.2500,0.2600,0.0071,2
36900.0,37800.0,10:15,2535381#0,10.4650,9.9500,10.9800,0.7283,0.1050,0.1000,0.1100,0.0071,2
36900.0,37800.0,10:15,2535382#0,9.1500,8.8000,9.5000,0.4950,0.1250,0.1200,0.1300,0.0071,2
36900.0,37800.0,10:15,2541828#0,13.3900,12.8700,13.9100,0.7354,0.1650,0.1600,0.1700,0.0071,2
36900.0,37800.0,10:15,2541828#1,13.3750,12.8600,13.8900,0.7283,0.1650,0.1600,0.1700,0.0071,2
36900.0,37800.0,10:15,2541944#2,10.4650,9.9600,10.9700,0.7142,0.1050,0.1000,0.1100,0.0071,2
36900.0,37800.0,10:15,2541944#3,10.4650,9.9500,10.9800,0.7283,0.1050,0.1000,0.1100,0.0071,2
36900.0,37800.0,10:15,2541944#5,10.4650,9.9500,10.9800,0.7283,0.1050,0.1000,0.1100,0.0071,2
36900.0,37800.0,10:15,2541944#6,10.4650,9.9500,10.9800,0.7283,0.1050,0.1000,0.1100,0.0071,2
36900.0,37800.0,10:15,2541944#7,10.4300,9.9400,10.9200,0.6930,0.1200,0.1100,0.1300,0.0141,2
36900.0,37800.0,10:15,2541944#8,10.2050,9.9100,10.5000,0.4172,0.2150,0.2100,0.2200,0.0071,2
36900.0,37800.0,10:15,2541944#9,10.2000,9.9200,10.4800,0.3960,0.2150,0.2100,0.2200,0.0071,2
36900.0,37800.0,10:15,2543096,13.3750,12.8600,13.8900,0.7283,0.1650,0.1600,0.1700,0.0071,2
36900.0,37800.0,10:15,2543332#0,8.6600,8.1800,9.1400,0.6788,0.2550,0.2400,0.2700,0.0212,2
36900.0,37800.0,10:15,2543332#1,8.6600,8.1800,9.1400,0.6788,0.2550,0.2400,0.2700,0.0212,2
36900.0,37800.0,10:15,2544440#1,8.8350,8.7700,8.9000,0.0919,0.6250,0.6200,0.6300,0.0071,2
36900.0,37800.0,10:15,2544440#2,8.8350,8.7700,8.9000,0.0919,0.6250,0.6200,0.6300,0.0071,2
36900.0,37800.0,10:15,2570429#0,9.2800,9.1800,9.3800,0.1414,0.3600,0.3600,0.3600,0.0000,2
36900.0,37800.0,10:15,2570429#1,9.2750,9.1700,9.3800,0.1485,0.3600,0.3600,0.3600,0.0000,2
36900.0,37800.0,10:15,2570429#2,9.2350,9.0900,9.3800,0.2051,0.3650,0.3600,0.3700,0.0071,2
36900.0,37800.0,10:15,258625107#0,9.2750,9.0000,9.5500,0.3889,0.1200,0.1200,0.1200,0.0000,2
36900.0,37800.0,10:15,258625107#1,9.2750,9.0000,9.5500,0.3889,0.1200,0.1200,0.1200,0.0000,2
36900.0,37800.0,10:15,258625107#2,9.2750,9.0000,9.5500,0.3889,0.1200,0.1200,0.1200,0.0000,2
36900.0,37800.0,10:15,289329430#0,13.3600,12.8700,13.8500,0.6930,0.2500,0.2400,0.2600,0.0141,2
36900.0,37800.0,10:15,289329430#1,13.3550,12.8600,13.8500,0.7000,0.2500,0.2400,0.2600,0.0141,2
36900.0,37800.0,10:15,31992852#0,9.2700,9.0000,9.5400,0.3818,0.1200,0.1200,0.1200,0.0000,2
36900.0,37800.0,10:15,31992852#1,9.2700,9.0000,9.5400,0.3818,0.1200,0.1200,0.1200,0.0000,2
36900.0,37800.0,10:15,361257028#0,9.2750,9.0000,9.5500,0.3889,0.1200,0.1200,0.1200,0.0000,2
36900.0,37800.0,10:15,361257028#1,9.2750,9.0000,9.5500,0.3889,0.1200,0.1200,0.1200,0.0000,2
36900.0,37800.0,10:15,380310114#0,8.8000,8.7200,8.8800,0.1131,0.2500,0.2500,0.2500,0.0000,2
36900.0,37800.0,10:15,380310114#2,9.0350,8.5700,9.5000,0.6576,0.2450,0.2300,0.2600,0.0212,2
36900.0,37800.0,10:15,383327664#0,8.3250,7.9500,8.7000,0.5303,0.1350,0.1300,0.1400,0.0071,2
36900.0,37800.0,10:15,383327664#2,8.3250,7.9500,8.7000,0.5303,0.1350,0.1300,0.1400,0.0071,2
36900.0,37800.0,10:15,384828057#0,8.3250,7.9500,8.7000,0.5303,0.1350,0.1300,0.1400,0.0071,2
36900.0,37800.0,10:15,39646561,13.8900,13.8900,13.8900,0.0000,0.1600,0.1600,0.1600,0.0000,2
36900.0,37800.0,10:15,398531629#1,13.3750,12.8600,13.8900,0.7283,0.1650,0.1600,0.1700,0.0071,2
36900.0,37800.0,10:15,400886685#1,8.7950,8.4500,9.1400,0.4879,0.1250,0.1200,0.1300,0.0071,2
36900.0,37800.0,10:15,401595498,8.5650,8.5400,8.5900,0.0354,0.2600,0.2600,0.2600,0.0000,2
36900.0,37800.0,10:15,41223305,8.3250,7.9500,8.7000,0.5303,0.1350,0.1300,0.1400,0.0071,2
36900.0,37800.0,10:15,41526718#0,9.3050,9.0900,9.5200,0.3041,0.1200,0.1200,0.1200,0.0000,2
36900.0,37800.0,10:15,41754609#0,13.2900,12.6900,13.8900,0.8485,0.0850,0.0800,0.0900,0.0071,2
36900.0,37800.0,10:15,41754609#1,13.2900,12.6900,13.8900,0.8485,0.0850,0.0800,0.0900,0.0071,2
36900.0,37800.0,10:15,429206409,8.1750,8.1100,8.2400,0.0919,0.2700,0.2700,0.2700,0.0000,2
36900.0,37800.0,10:15,449880200,13.3750,12.8600,13.8900,0.7283,0.1650,0.1600,0.1700,0.0071,2
36900.0,37800.0,10:15,456194040#0,13.8900,13.8900,13.8900,0.0000,0.0800,0.0800,0.0800,0.0000,2
36900.0,37800.0,10:15,456194040#3,13.8900,13.8900,13.8900,0.0000,0.0800,0.0800,0.0800,0.0000,2
36900.0,37800.0,10:15,4609277,13.8900,13.8900,13.8900,0.0000,0.1600,0.1600,0.1600,0.0000,2
36900.0,37800.0,10:15,461119579,12.7050,12.0000,13.4100,0.9970,0.0850,0.0800,0.0900,0.0071,2
36900.0,37800.0,10:15,463890077#0,11.1100,11.1100,11.1100,0.0000,0.1000,0.1000,0.1000,0.0000,2
36900.0,37800.0,10:15,4652420,13.8900,13.8900,13.8900,0.0000,0.1600,0.1600,0.1600,0.0000,2
36900.0,37800.0,10:15,4692270#2,8.7850,8.6900,8.8800,0.1344,0.2550,0.2500,0.2600,0.0071,2
36900.0,37800.0,10:15,4692270#3,8.7850,8.6900,8.8800,0.1344,0.2550,0.2500,0.2600,0.0071,2
36900.0,37800.0,10:15,4692272#0,8.7950,8.4500,9.1400,0.4879,0.1250,0.1200,0.1300,0.0071,2
36900.0,37800.0,10:15,4725918#1,13.6900,13.4900,13.8900,0.2828,0.0800,0.0800,0.0800,0.0000,2
36900.0,37800.0,10:15,4725918#2,13.8100,13.3300,14.2900,0.6788,0.0800,0.0800,0.0800,0.0000,2
36900.0,37800.0,10:15,4725918#3,13.8100,13.3300,14.2900,0.6788,0.0800,0.0800,0.0800,0.0000,2
36900.0,37800.0,10:15,4725920#0,8.7100,8.3300,9.0900,0.5374,0.3850,0.3700,0.4000,0.0212,2
36900.0,37800.0,10:15,4725920#1,8.7100,8.3300,9.0900,0.5374,0.3850,0.3700,0.4000,0.0212,2
36900.0,37800.0,10:15,4725920#2,8.7350,8.3400,9.1300,0.5586,0.3850,0.3700,0.4000,0.0212,2
36900.0,37800.0,10:15,4725920#3,8.7350,8.3400,9.1300,0.5586,0.3850,0.3700,0.4000,0.0212,2
36900.0,37800.0,10:15,4725927,12.3500,12.3500,12.3500,0.0000,0.1800,0.1800,0.1800,0.0000,2
36900.0,37800.0,10:15,609715705,9.2750,9.0000,9.5500,0.3889,0.1200,0.1200,0.1200,0.0000,2
36900.0,37800.0,10:15,631597723#0,9.2700,9.0000,9.5400,0.3818,0.1200,0.1200,0.1200,0.0000,2
36900.0,37800.0,10:15,645694987#1,8.8350,8.7700,8.9000,0.0919,0.6250,0.6200,0.6300,0.0071,2
36900.0,37800.0,10:15,645694987#2,8.8350,8.7700,8.9000,0.0919,0.6250,0.6200,0.6300,0.0071,2
36900.0,37800.0,10:15,645694987#3,9.2700,9.0000,9.5400,0.3818,0.1200,0.1200,0.1200,0.0000,2
36900.0,37800.0,10:15,650010534,12.7200,12.3900,13.0500,0.4667,0.1400,0.1200,0.1600,0.0283,2
36900.0,37800.0,10:15,661903030,8.5600,8.5300,8.5900,0.0424,0.2600,0.2600,0.2600,0.0000,2
36900.0,37800.0,10:15,673497910#1,10.2050,9.9100,10.5000,0.4172,0.2150,0.2100,0.2200,0.0071,2
36900.0,37800.0,10:15,678513607,13.5950,12.9000,14.2900,0.9829,0.1650,0.1600,0.1700,0.0071,2
36900.0,37800.0,10:15,681388530#0,13.2250,12.5600,13.8900,0.9405,0.0850,0.0800,0.0900,0.0071,2
36900.0,37800.0,10:15,681388530#1,13.2250,12.5600,13.8900,0.9405,0.0850,0.0800,0.0900,0.0071,2
36900.0,37800.0,10:15,68756023#1,12.6950,11.9900,13.4000,0.9970,0.0850,0.0800,0.0900,0.0071,2
36900.0,37800.0,10:15,68756043#0,12.9550,12.8700,13.0400,0.1202,0.1700,0.1700,0.1700,0.0000,2
36900.0,37800.0,10:15,68756043#1,12.9550,12.8800,13.0300,0.1061,0.1700,0.1700,0.1700,0.0000,2
36900.0,37800.0,10:15,68756101,12.5450,11.7600,13.3300,1.1102,0.0850,0.0800,0.0900,0.0071,2
36900.0,37800.0,10:15,68876071#0,11.1100,11.1100,11.1100,0.0000,0.1000,0.1000,0.1000,0.0000,2
36900.0,37800.0,10:15,68876071#1,11.1100,11.1100,11.1100,0.0000,0.1000,0.1000,0.1000,0.0000,2
36900.0,37800.0,10:15,68876071#2,11.1100,11.1100,11.1100,0.0000,0.1000,0.1000,0.1000,0.0000,2
36900.0,37800.0,10:15,68876071#3,11.1100,11.1100,11.1100,0.0000,0.1000,0.1000,0.1000,0.0000,2
36900.0,37800.0,10:15,68876071#4,11.1100,11.1100,11.1100,0.0000,0.1000,0.1000,0.1000,0.0000,2
36900.0,37800.0,10:15,723584180#0,8.6800,8.6200,8.7400,0.0849,0.1300,0.1300,0.1300,0.0000,2
36900.0,37800.0,10:15,723584180#1,8.6800,8.6200,8.7400,0.0849,0.1300,0.1300,0.1300,0.0000,2
36900.0,37800.0,10:15,750809955#0,9.2250,8.4600,9.9900,1.0819,0.1200,0.1100,0.1300,0.0141,2
36900.0,37800.0,10:15,775996047#0,10.4600,9.9500,10.9700,0.7212,0.1050,0.1000,0.1100,0.0071,2
36900.0,37800.0,10:15,775996047#1,10.4650,9.9500,10.9800,0.7283,0.1050,0.1000,0.1100,0.0071,2
36900.0,37800.0,10:15,775996047#3,10.5550,10.0000,11.1100,0.7849,0.1050,0.1000,0.1100,0.0071,2
36900.0,37800.0,10:15,775996047#4,10.4650,9.9500,10.9800,0.7283,0.1050,0.1000,0.1100,0.0071,2
36900.0,37800.0,10:15,775996047#5,10.4650,9.9500,10.9800,0.7283,0.1050,0.1000,0.1100,0.0071,2
36900.0,37800.0,10:15,79633771#0,8.7900,8.7300,8.8500,0.0849,0.3800,0.3800,0.3800,0.0000,2
36900.0,37800.0,10:15,79633771#2,8.7950,8.7400,8.8500,0.0778,0.3800,0.3800,0.3800,0.0000,2
36900.0,37800.0,10:15,83207313#1,13.2250,12.5600,13.8900,0.9405,0.0850,0.0800,0.0900,0.0071,2
36900.0,37800.0,10:15,83207313#3,13.2300,12.5600,13.9000,0.9475,0.0850,0.0800,0.0900,0.0071,2
36900.0,37800.0,10:15,858813335,13.3750,12.8600,13.8900,0.7283,0.1650,0.1600,0.1700,0.0071,2
36900.0,37800.0,10:15,858813354#0,12.7050,12.0000,13.4100,0.9970,0.0850,0.0800,0.0900,0.0071,2
36900.0,37800.0,10:15,926028935#0,8.5650,8.5400,8.5900,0.0354,0.2600,0.2600,0.2600,0.0000,2
36900.0,37800.0,10:15,928436139#0,9.2750,9.0000,9.5500,0.3889,0.1200,0.1200,0.1200,0.0000,2
36900.0,37800.0,10:15,928436139#1,9.2750,9.0000,9.5500,0.3889,0.1200,0.1200,0.1200,0.0000,2
36900.0,37800.0,10:15,928436139#2,9.2750,9.0000,9.5500,0.3889,0.1200,0.1200,0.1200,0.0000,2
36900.0,37800.0,10:15,928436140,9.2750,9.0100,9.5400,0.3748,0.1200,0.1200,0.1200,0.0000,2
36900.0,37800.0,10:15,939067973,13.3500,12.8500,13.8500,0.7071,0.1650,0.1600,0.1700,0.0071,2
36900.0,37800.0,10:15,94541123,13.8900,13.8900,13.8900,0.0000,0.0800,0.0800,0.0800,0.0000,2
36900.0,37800.0,10:15,953082529#3,11.1100,11.1100,11.1100,0.0000,0.1000,0.1000,0.1000,0.0000,2
36900.0,37800.0,10:15,975971053,13.8900,13.8900,13.8900,0.0000,0.1600,0.1600,0.1600,0.0000,2
36900.0,37800.0,10:15,975971055,13.8900,13.8900,13.8900,0.0000,0.1600,0.1600,0.1600,0.0000,2
36900.0,37800.0,10:15,975971057,13.8900,13.8900,13.8900,0.0000,0.1600,0.1600,0.1600,0.0000,2
36900.0,37800.0,10:15,975971059,13.9000,13.9000,13.9000,0.0000,0.1600,0.1600,0.1600,0.0000,2
36900.0,37800.0,10:15,996141193#0,11.1100,11.1100,11.1100,0.0000,0.1000,0.1000,0.1000,0.0000,2
36900.0,37800.0,10:15,996141193#1,11.1100,11.1100,11.1100,0.0000,0.1000,0.1000,0.1000,0.0000,2
37800.0,38700.0,10:30,-1025366406,9.0200,8.5800,9.4600,0.6223,0.2450,0.2300,0.2600,0.0212,2
37800.0,38700.0,10:30,-1026085894#0,8.5900,7.5800,9.6000,1.4284,0.2600,0.2300,0.2900,0.0424,2
37800.0,38700.0,10:30,-1026085894#1,8.5900,7.5800,9.6000,1.4284,0.2600,0.2300,0.2900,0.0424,2
37800.0,38700.0,10:30,-1026085894#2,8.5900,7.5800,9.6000,1.4284,0.2600,0.2300,0.2900,0.0424,2
37800.0,38700.0,10:30,-104288999,8.7300,8.5100,8.9500,0.3111,0.2550,0.2500,0.2600,0.0071,2
37800.0,38700.0,10:30,-1053066061#2,8.7750,7.8600,9.6900,1.2940,0.3800,0.3400,0.4200,0.0566,2
37800.0,38700.0,10:30,-1053066068#1,8.7750,7.8600,9.6900,1.2940,0.3800,0.3400,0.4200,0.0566,2
37800.0,38700.0,10:30,-1053066068#3,8.7750,7.8600,9.6900,1.2940,0.3800,0.3400,0.4200,0.0566,2
37800.0,38700.0,10:30,-1053066068#4,8.7500,7.8800,9.6200,1.2304,0.3850,0.3500,0.4200,0.0495,2
37800.0,38700.0,10:30,-1053979184#1,13.9000,13.9000,13.9000,0.0000,0.1600,0.1600,0.1600,0.0000,2
37800.0,38700.0,10:30,-1053979387,13.8900,13.8900,13.8900,0.0000,0.0800,0.0800,0.0800,0.0000,2
37800.0,38700.0,10:30,-1053979388#1,8.1000,7.2500,8.9500,1.2021,0.1350,0.1200,0.1500,0.0212,2
37800.0,38700.0,10:30,-1053979388#2,8.1000,7.2500,8.9500,1.2021,0.1350,0.1200,0.1500,0.0212,2
37800.0,38700.0,10:30,-1054418205,8.8050,8.3700,9.2400,0.6152,0.3800,0.3600,0.4000,0.0283,2
37800.0,38700.0,10:30,-11022533#0,8.7900,8.3700,9.2100,0.5940,0.3800,0.3600,0.4000,0.0283,2
37800.0,38700.0,10:30,-11022533#2,8.8050,8.3700,9.2400,0.6152,0.3800,0.3600,0.4000,0.0283,2
37800.0,38700.0,10:30,-1112393351,13.8100,13.6800,13.9400,0.1838,0.0800,0.0800,0.0800,0.0000,2
37800.0,38700.0,10:30,-1301164218#0,9.4000,8.9000,9.9000,0.7071,0.2350,0.2200,0.2500,0.0212,2
37800.0,38700.0,10:30,-1301164218#3,9.4050,8.9000,9.9100,0.7142,0.2350,0.2200,0.2500,0.0212,2
37800.0,38700.0,10:30,-1301164219,9.4000,8.9000,9.9000,0.7071,0.2350,0.2200,0.2500,0.0212,2
37800.0,38700.0,10:30,-1305563481#1,8.4250,7.5500,9.3000,1.2374,0.1350,0.1200,0.1500,0.0212,2
37800.0,38700.0,10:30,-133499410#1,12.7000,11.1100,14.2900,2.2486,0.0900,0.0800,0.1000,0.0141,2
37800.0,38700.0,10:30,-133499410#2,12.5750,11.2600,13.8900,1.8597,0.0900,0.0800,0.1000,0.0141,2
37800.0,38700.0,10:30,-134063977#1,12.3400,12.3400,12.3400,0.0000,0.1800,0.1800,0.1800,0.0000,2
37800.0,38700.0,10:30,-13715475#1,8.1800,8.1800,8.1800,0.0000,0.0400,0.0400,0.0400,0.0000,1
37800.0,38700.0,10:30,-137355170,8.1000,7.2500,8.9500,1.2021,0.1350,0.1200,0.1500,0.0212,2
37800.0,38700.0,10:30,-1424789406#0,12.5600,11.2400,13.8800,1.8668,0.0900,0.0800,0.1000,0.0141,2
37800.0,38700.0,10:30,-172336694,9.3200,9.0400,9.6000,0.3960,0.1200,0.1200,0.1200,0.0000,2
37800.0,38700.0,10:30,-230820329#0,8.1000,7.9100,8.2900,0.2687,0.2750,0.2700,0.2800,0.0071,2
37800.0,38700.0,10:30,-230820329#1,8.1000,7.9100,8.2900,0.2687,0.2750,0.2700,0.2800,0.0071,2
37800.0,38700.0,10:30,-230820329#3,8.1000,7.9100,8.2900,0.2687,0.2750,0.2700,0.2800,0.0071,2
37800.0,38700.0,10:30,-230834613#0,8.1000,7.2500,8.9500,1.2021,0.1350,0.1200,0.1500,0.0212,2
37800.0,38700.0,10:30,-230834613#1,8.1000,7.2500,8.9500,1.2021,0.1350,0.1200,0.1500,0.0212,2
37800.0,38700.0,10:30,-230834613#2,8.1000,7.2500,8.9500,1.2021,0.1350,0.1200,0.1500,0.0212,2
37800.0,38700.0,10:30,-236455763#2,8.5200,7.7400,9.3000,1.1031,0.6600,0.6000,0.7200,0.0849,2
37800.0,38700.0,10:30,-2535038#0,12.3500,12.3500,12.3500,0.0000,0.1800,0.1800,0.1800,0.0000,2
37800.0,38700.0,10:30,-2535038#1,12.3400,12.3400,12.3400,0.0000,0.1800,0.1800,0.1800,0.0000,2
37800.0,38700.0,10:30,-2535038#3,12.3400,12.3400,12.3400,0.0000,0.1800,0.1800,0.1800,0.0000,2
37800.0,38700.0,10:30,-2535038#4,12.3700,12.3700,12.3700,0.0000,0.1800,0.1800,0.1800,0.0000,2
37800.0,38700.0,10:30,-2535039#2,9.0500,8.4500,9.6500,0.8485,0.3050,0.2600,0.3500,0.0636,2
37800.0,38700.0,10:30,-2535350#1,8.8250,7.9300,9.7200,1.2657,0.3800,0.3400,0.4200,0.0566,2
37800.0,38700.0,10:30,-2535381#2,8.0300,6.8800,9.1800,1.6263,0.1400,0.1200,0.1600,0.0283,2
37800.0,38700.0,10:30,-2535382#0,8.7750,7.8600,9.6900,1.2940,0.3800,0.3400,0.4200,0.0566,2
37800.0,38700.0,10:30,-2535383#0,13.0800,13.0800,13.0800,0.0000,0.3400,0.3400,0.3400,0.0000,2
37800.0,38700.0,10:30,-2535383#1,13.3300,13.3300,13.3300,0.0000,0.3300,0.3300,0.3300,0.0000,2
37800.0,38700.0,10:30,-2535383#2,13.0700,13.0700,13.0700,0.0000,0.3400,0.3400,0.3400,0.0000,2
37800.0,38700.0,10:30,-2535383#4,13.0700,13.0700,13.0700,0.0000,0.3400,0.3400,0.3400,0.0000,2
37800.0,38700.0,10:30,-2535383#5,12.3500,12.3500,12.3500,0.0000,0.1800,0.1800,0.1800,0.0000,2
37800.0,38700.0,10:30,-2543134#1,12.5750,11.2600,13.8900,1.8597,0.0900,0.0800,0.1000,0.0141,2
37800.0,38700.0,10:30,-2543333,12.8500,12.1600,13.5400,0.9758,0.3500,0.3300,0.3700,0.0283,2
37800.0,38700.0,10:30,-28907928#0,12.5050,11.1200,13.8900,1.9587,0.0900,0.0800,0.1000,0.0141,2
37800.0,38700.0,10:30,-28907928#1,12.7000,11.1100,14.2900,2.2486,0.0900,0.0800,0.1000,0.0141,2
37800.0,38700.0,10:30,-30278393#0,8.8450,8.7300,8.9600,0.1626,0.1250,0.1200,0.1300,0.0071,2
37800.0,38700.0,10:30,-30278393#1,8.8450,8.7300,8.9600,0.1626,0.1250,0.1200,0.1300,0.0071,2
37800.0,38700.0,10:30,-343036951,8.8450,8.7300,8.9600,0.1626,0.1250,0.1200,0.1300,0.0071,2
37800.0,38700.0,10:30,-380310114#0,8.8100,8.0900,9.5300,1.0182,0.1300,0.1200,0.1400,0.0141,2
37800.0,38700.0,10:30,-383327664#1,8.5450,7.7900,9.3000,1.0677,0.5250,0.4800,0.5700,0.0636,2
37800.0,38700.0,10:30,-383327664#3,8.5450,7.7900,9.3000,1.0677,0.5250,0.4800,0.5700,0.0636,2
37800.0,38700.0,10:30,-384828057#1,8.5450,7.7900,9.3000,1.0677,0.5250,0.4800,0.5700,0.0636,2
37800.0,38700.0,10:30,-39646561,13.8900,13.8900,13.8900,0.0000,0.0000,0.0000,0.0000,0.0000,1
37800.0,38700.0,10:30,-400886685#1,9.6050,8.5300,10.6800,1.5203,0.1150,0.1000,0.1300,0.0212,2
37800.0,38700.0,10:30,-400886689#0,8.3150,7.5700,9.0600,1.0536,0.4600,0.4500,0.4700,0.0141,2
37800.0,38700.0,10:30,-400886691#0,8.5450,7.7400,9.3500,1.1384,0.6550,0.5900,0.7200,0.0919,2
37800.0,38700.0,10:30,-401595498,10.0600,10.0600,10.0600,0.0000,0.1100,0.1100,0.1100,0.0000,1
37800.0,38700.0,10:30,-427821329#1,8.7300,8.5100,8.9500,0.3111,0.2550,0.2500,0.2600,0.0071,2
37800.0,38700.0,10:30,-427821329#2,8.7300,8.5100,8.9500,0.3111,0.2550,0.2500,0.2600,0.0071,2
37800.0,38700.0,10:30,-429206409,8.5450,7.7900,9.3000,1.0677,0.5250,0.4800,0.5700,0.0636,2
37800.0,38700.0,10:30,-449880197#1,9.4600,9.1300,9.7900,0.4667,0.1150,0.1100,0.1200,0.0071,2
37800.0,38700.0,10:30,-450227283#1,8.2500,7.5800,8.9200,0.9475,0.4050,0.3700,0.4400,0.0495,2
37800.0,38700.0,10:30,-451081200,12.5350,11.6700,13.4000,1.2233,0.2700,0.2500,0.2900,0.0283,2
37800.0,38700.0,10:30,-452105746#0,8.8100,8.0900,9.5300,1.0182,0.1300,0.1200,0.1400,0.0141,2
37800.0,38700.0,10:30,-452105746#1,8.8100,8.0900,9.5300,1.0182,0.1300,0.1200,0.1400,0.0141,2
37800.0,38700.0,10:30,-452105747,8.8100,8.0900,9.5300,1.0182,0.1300,0.1200,0.1400,0.0141,2
37800.0,38700.0,10:30,-456598077,12.9650,10.9000,15.0300,2.9204,0.1750,0.1500,0.2000,0.0354,2
37800.0,38700.0,10:30,-661903030,8.8050,8.3700,9.2400,0.6152,0.3800,0.3600,0.4000,0.0283,2
37800.0,38700.0,10:30,-68756016#1,9.4050,8.9000,9.9100,0.7142,0.2350,0.2200,0.2500,0.0212,2
37800.0,38700.0,10:30,-68756016#2,9.3950,8.8900,9.9000,0.7142,0.2350,0.2200,0.2500,0.0212,2
37800.0,38700.0,10:30,-68756016#3,9.4000,8.9000,9.9000,0.7071,0.2350,0.2200,0.2500,0.0212,2
37800.0,38700.0,10:30,-723584180#0,8.5550,7.3700,9.7400,1.6758,0.2650,0.2300,0.3000,0.0495,2
37800.0,38700.0,10:30,-723584180#2,8.5550,7.3700,9.7400,1.6758,0.2650,0.2300,0.3000,0.0495,2
37800.0,38700.0,10:30,-775996047#0,9.1550,7.9500,10.3600,1.7041,0.1250,0.1100,0.1400,0.0212,2
37800.0,38700.0,10:30,-775996047#1,9.1550,7.9500,10.3600,1.7041,0.1250,0.1100,0.1400,0.0212,2
37800.0,38700.0,10:30,-775996047#3,9.2650,8.0000,10.5300,1.7890,0.1250,0.1100,0.1400,0.0212,2
37800.0,38700.0,10:30,-775996047#4,9.1500,7.9500,10.3500,1.6971,0.1250,0.1100,0.1400,0.0212,2
37800.0,38700.0,10:30,-775996047#5,9.1550,7.9500,10.3600,1.7041,0.1250,0.1100,0.1400,0.0212,2
37800.0,38700.0,10:30,-79633771#1,8.5450,7.7900,9.3000,1.0677,0.5250,0.4800,0.5700,0.0636,2
37800.0,38700.0,10:30,-79633771#2,8.5450,7.7900,9.3000,1.0677,0.5250,0.4800,0.5700,0.0636,2
37800.0,38700.0,10:30,-837865886#0,8.1750,5.8200,10.5300,3.3305,0.1500,0.1100,0.1900,0.0566,2
37800.0,38700.0,10:30,-837865886#1,8.1750,5.8200,10.5300,3.3305,0.1500,0.1100,0.1900,0.0566,2
37800.0,38700.0,10:30,-887871736#0,12.5450,11.6700,13.4200,1.2374,0.2700,0.2500,0.2900,0.0283,2
37800.0,38700.0,10:30,-887871736#1,12.5150,11.6400,13.3900,1.2374,0.2700,0.2500,0.2900,0.0283,2
37800.0,38700.0,10:30,-926028935#1,8.8050,8.3700,9.2400,0.6152,0.3800,0.3600,0.4000,0.0283,2
37800.0,38700.0,10:30,-928691979#0,12.3500,12.3500,12.3500,0.0000,0.1800,0.1800,0.1800,0.0000,2
37800.0,38700.0,10:30,-990834100,8.7750,7.8600,9.6900,1.2940,0.3800,0.3400,0.4200,0.0566,2
37800.0,38700.0,10:30,1026085894#0,9.1550,7.9500,10.3600,1.7041,0.1250,0.1100,0.1400,0.0212,2
37800.0,38700.0,10:30,1026085894#1,9.1550,7.9500,10.3600,1.7041,0.1250,0.1100,0.1400,0.0212,2
37800.0,38700.0,10:30,1026085894#2,9.1550,7.9500,10.3600,1.7041,0.1250,0.1100,0.1400,0.0212,2
37800.0,38700.0,10:30,1026845806,14.4850,14.0500,14.9200,0.6152,0.0750,0.0700,0.0800,0.0071,2
37800.0,38700.0,10:30,104288999,8.9750,8.8400,9.1100,0.1909,0.1250,0.1200,0.1300,0.0071,2
37800.0,38700.0,10:30,1053066061#1,8.7500,8.6400,8.8600,0.1556,0.2550,0.2500,0.2600,0.0071,2
37800.0,38700.0,10:30,1053066062,8.7500,8.6400,8.8600,0.1556,0.2550,0.2500,0.2600,0.0071,2
37800.0,38700.0,10:30,1053066068#2,8.7050,7.4100,10.0000,1.8314,0.1300,0.1100,0.1500,0.0283,2
37800.0,38700.0,10:30,1053066068#4,8.7250,7.4500,10.0000,1.8031,0.1300,0.1100,0.1500,0.0283,2
37800.0,38700.0,10:30,1053979184#1,12.3500,12.3500,12.3500,0.0000,0.1800,0.1800,0.1800,0.0000,2
37800.0,38700.0,10:30,1053979387,13.8900,13.8900,13.8900,0.0000,0.0800,0.0800,0.0800,0.0000,2
37800.0,38700.0,10:30,1053979388#0,9.1550,7.9500,10.3600,1.7041,0.1250,0.1100,0.1400,0.0212,2
37800.0,38700.0,10:30,1053979388#2,9.1500,7.9500,10.3500,1.6971,0.1250,0.1100,0.1400,0.0212,2
37800.0,38700.0,10:30,1054418205,8.9800,8.4500,9.5100,0.7495,0.2450,0.2300,0.2600,0.0212,2
37800.0,38700.0,10:30,1058344629,12.8950,11.7100,14.0800,1.6758,0.1750,0.1600,0.1900,0.0212,2
37800.0,38700.0,10:30,1058344630,14.2900,14.2900,14.2900,0.0000,0.0800,0.0800,0.0800,0.0000,2
37800.0,38700.0,10:30,1058647170,9.5750,9.5100,9.6400,0.0919,0.1750,0.1200,0.2300,0.0778,2
37800.0,38700.0,10:30,1058647171#0,9.1600,8.2600,10.0600,1.2728,0.1200,0.1100,0.1300,0.0141,2
37800.0,38700.0,10:30,1058647171#1,9.1600,8.2600,10.0600,1.2728,0.0750,0.0400,0.1100,0.0495,2
37800.0,38700.0,10:30,1059369989,9.6050,8.5300,10.6800,1.5203,0.1150,0.1000,0.1300,0.0212,2
37800.0,38700.0,10:30,1082662006,11.1100,11.1100,11.1100,0.0000,0.1000,0.1000,0.1000,0.0000,2
37800.0,38700.0,10:30,1082665464,11.1000,11.1000,11.1000,0.0000,0.1000,0.1000,0.1000,0.0000,2
37800.0,38700.0,10:30,11018592,8.0050,7.8700,8.1400,0.1909,0.5550,0.5500,0.5600,0.0071,2
37800.0,38700.0,10:30,11022533#0,8.9800,8.4600,9.5000,0.7354,0.2450,0.2300,0.2600,0.0212,2
37800.0,38700.0,10:30,11022533#1,8.9800,8.4500,9.5100,0.7495,0.2450,0.2300,0.2600,0.0212,2
37800.0,38700.0,10:30,1112393351,13.2200,12.5000,13.9400,1.0182,0.1700,0.1600,0.1800,0.0141,2
37800.0,38700.0,10:30,1125715810,13.1750,12.4600,13.8900,1.0112,0.1700,0.1600,0.1800,0.0141,2
37800.0,38700.0,10:30,1149713177#0,8.8450,8.7300,8.9600,0.1626,0.1250,0.1200,0.1300,0.0071,2
37800.0,38700.0,10:30,1149713177#1,8.8450,8.7300,8.9600,0.1626,0.1250,0.1200,0.1300,0.0071,2
37800.0,38700.0,10:30,1177239772#0,12.8100,11.7300,13.8900,1.5274,0.0850,0.0800,0.0900,0.0071,2
37800.0,38700.0,10:30,1182960349#0,11.1100,11.1100,11.1100,0.0000,0.1000,0.1000,0.1000,0.0000,2
37800.0,38700.0,10:30,1220287663,11.1100,11.1100,11.1100,0.0000,0.1000,0.1000,0.1000,0.0000,2
37800.0,38700.0,10:30,1220287665,13.8900,13.8900,13.8900,0.0000,0.0800,0.0800,0.0800,0.0000,2
37800.0,38700.0,10:30,1220287666,11.1100,11.1100,11.1100,0.0000,0.1000,0.1000,0.1000,0.0000,2
37800.0,38700.0,10:30,1301148626#0,7.9850,6.4500,9.5200,2.1708,0.1450,0.1200,0.1700,0.0354,2
37800.0,38700.0,10:30,1301148626#1,7.9800,6.4600,9.5000,2.1496,0.1450,0.1200,0.1700,0.0354,2
37800.0,38700.0,10:30,1301148626#3,7.9800,6.4600,9.5000,2.1496,0.1450,0.1200,0.1700,0.0354,2
37800.0,38700.0,10:30,1301164218#0,9.1600,8.2600,10.0600,1.2728,0.1200,0.1100,0.1300,0.0141,2
37800.0,38700.0,10:30,1301164218#1,9.1600,8.2600,10.0600,1.2728,0.1200,0.1100,0.1300,0.0141,2
37800.0,38700.0,10:30,1301164219,9.1600,8.2600,10.0600,1.2728,0.1200,0.1100,0.1300,0.0141,2
37800.0,38700.0,10:30,1305563481#0,8.2350,7.9800,8.4900,0.3606,0.2700,0.2600,0.2800,0.0141,2
37800.0,38700.0,10:30,1315301899#0,11.5000,10.7000,12.3000,1.1314,0.1950,0.1800,0.2100,0.0212,2
37800.0,38700.0,10:30,1315301900#0,8.8450,8.7300,8.9600,0.1626,0.1250,0.1200,0.1300,0.0071,2
37800.0,38700.0,10:30,1317973871,8.1800,5.8200,10.5400,3.3375,0.1500,0.1100,0.1900,0.0566,2
37800.0,38700.0,10:30,134063971,8.9800,8.4500,9.5100,0.7495,0.2450,0.2300,0.2600,0.0212,2
37800.0,38700.0,10:30,134063977#0,13.9000,13.9000,13.9000,0.0000,0.0800,0.0800,0.0800,0.0000,2
37800.0,38700.0,10:30,134063977#2,12.3500,12.3500,12.3500,0.0000,0.1800,0.1800,0.1800,0.0000,2
37800.0,38700.0,10:30,134136437#0,11.1100,11.1100,11.1100,0.0000,0.1000,0.1000,0.1000,0.0000,2
37800.0,38700.0,10:30,134411713#0,8.9800,8.4500,9.5100,0.7495,0.2450,0.2300,0.2600,0.0212,2
37800.0,38700.0,10:30,134411713#2,8.9800,8.4500,9.5100,0.7495,0.2450,0.2300,0.2600,0.0212,2
37800.0,38700.0,10:30,134818126#0,11.1000,11.1000,11.1000,0.0000,0.1000,0.1000,0.1000,0.0000,2
37800.0,38700.0,10:30,134818126#1,11.1100,11.1100,11.1100,0.0000,0.1000,0.1000,0.1000,0.0000,2
37800.0,38700.0,10:30,1361717374#2,8.9750,8.4400,9.5100,0.7566,0.2450,0.2300,0.2600,0.0212,2
37800.0,38700.0,10:30,1364018960,13.6700,13.6700,13.6700,0.0000,0.0800,0.0800,0.0800,0.0000,2
37800.0,38700.0,10:30,13715475#1,8.8150,8.1800,9.4500,0.8980,0.0700,0.0000,0.1400,0.0990,2
37800.0,38700.0,10:30,1386311780#1,12.5050,11.1200,13.8900,1.9587,0.0900,0.0800,0.1000,0.0141,2
37800.0,38700.0,10:30,1386311796#1,13.8900,13.8900,13.8900,0.0000,0.0800,0.0800,0.0800,0.0000,2
37800.0,38700.0,10:30,14135257#0,13.1750,12.4600,13.8900,1.0112,0.1700,0.1600,0.1800,0.0141,2
37800.0,38700.0,10:30,14135257#1,13.1750,12.4600,13.8900,1.0112,0.1700,0.1600,0.1800,0.0141,2
37800.0,38700.0,10:30,14135257#2,13.1750,12.4600,13.8900,1.0112,0.1700,0.1600,0.1800,0.0141,2
37800.0,38700.0,10:30,14135257#3,13.1750,12.4600,13.8900,1.0112,0.1700,0.1600,0.1800,0.0141,2
37800.0,38700.0,10:30,1424789401#0,8.8450,8.7300,8.9600,0.1626,0.1250,0.1200,0.1300,0.0071,2
37800.0,38700.0,10:30,1424789401#1,8.8450,8.7300,8.9600,0.1626,0.1250,0.1200,0.1300,0.0071,2
37800.0,38700.0,10:30,1424789402,9.0950,8.8900,9.3000,0.2899,0.2450,0.2400,0.2500,0.0071,2
37800.0,38700.0,10:30,1424789403#0,8.0300,6.8800,9.1800,1.6263,0.1400,0.1200,0.1600,0.0283,2
37800.0,38700.0,10:30,1424789403#1,8.0300,6.8800,9.1800,1.6263,0.1400,0.1200,0.1600,0.0283,2
37800.0,38700.0,10:30,146605605#2,7.9800,6.4600,9.5000,2.1496,0.1450,0.1200,0.1700,0.0354,2
37800.0,38700.0,10:30,161182809,8.9800,8.4500,9.5100,0.7495,0.2450,0.2300,0.2600,0.0212,2
37800.0,38700.0,10:30,172336694,9.3200,9.0400,9.6000,0.3960,0.1200,0.1200,0.1200,0.0000,2
37800.0,38700.0,10:30,230820329#0,8.2350,7.9800,8.4900,0.3606,0.2700,0.2600,0.2800,0.0141,2
37800.0,38700.0,10:30,230820329#1,8.2350,7.9800,8.4900,0.3606,0.2700,0.2600,0.2800,0.0141,2
37800.0,38700.0,10:30,230820329#2,8.2350,7.9800,8.4900,0.3606,0.2700,0.2600,0.2800,0.0141,2
37800.0,38700.0,10:30,236455763#1,8.9800,8.4500,9.5100,0.7495,0.2450,0.2300,0.2600,0.0212,2
37800.0,38700.0,10:30,2534525#3,9.6050,8.5300,10.6800,1.5203,0.1150,0.1000,0.1300,0.0212,2
37800.0,38700.0,10:30,2535038#0,13.8900,13.8900,13.8900,0.0000,0.0800,0.0800,0.0800,0.0000,2
37800.0,38700.0,10:30,2535038#1,13.8900,13.8900,13.8900,0.0000,0.0800,0.0800,0.0800,0.0000,2
37800.0,38700.0,10:30,2535038#2,13.8900,13.8900,13.8900,0.0000,0.0800,0.0800,0.0800,0.0000,2
37800.0,38700.0,10:30,2535038#4,13.8200,13.8200,13.8200,0.0000,0.0800,0.0800,0.0800,0.0000,2
37800.0,38700.0,10:30,2535039#0,8.5950,7.7900,9.4000,1.1384,0.5650,0.5600,0.5700,0.0071,2
37800.0,38700.0,10:30,2535350#1,8.2150,8.0700,8.3600,0.2051,0.2750,0.2700,0.2800,0.0071,2
37800.0,38700.0,10:30,2535350#2,8.2600,8.1100,8.4100,0.2121,0.2650,0.2600,0.2700,0.0071,2
37800.0,38700.0,10:30,2535381#0,8.6300,8.1500,9.1100,0.6788,0.3900,0.3700,0.4100,0.0283,2
37800.0,38700.0,10:30,2535382#0,8.2600,8.1100,8.4100,0.2121,0.2650,0.2600,0.2700,0.0071,2
37800.0,38700.0,10:30,2535383#1,14.2900,14.2900,14.2900,0.0000,0.1600,0.1600,0.1600,0.0000,2
37800.0,38700.0,10:30,2535383#2,13.8900,13.8900,13.8900,0.0000,0.1600,0.1600,0.1600,0.0000,2
37800.0,38700.0,10:30,2535383#4,14.7100,14.7100,14.7100,0.0000,0.2300,0.2300,0.2300,0.0000,2
37800.0,38700.0,10:30,2541828#0,11.1100,11.1100,11.1100,0.0000,0.1000,0.1000,0.1000,0.0000,2
37800.0,38700.0,10:30,2541828#1,11.1100,11.1100,11.1100,0.0000,0.1000,0.1000,0.1000,0.0000,2
37800.0,38700.0,10:30,2541944#2,8.9750,8.0100,9.9400,1.3647,0.2500,0.2200,0.2800,0.0424,2
37800.0,38700.0,10:30,2541944#3,8.9750,8.0100,9.9400,1.3647,0.2500,0.2200,0.2800,0.0424,2
37800.0,38700.0,10:30,2541944#5,8.9750,8.0100,9.9400,1.3647,0.2500,0.2200,0.2800,0.0424,2
37800.0,38700.0,10:30,2541944#6,8.9750,8.0100,9.9400,1.3647,0.2500,0.2200,0.2800,0.0424,2
37800.0,38700.0,10:30,2541944#7,8.8050,8.3700,9.2400,0.6152,0.3800,0.3600,0.4000,0.0283,2
37800.0,38700.0,10:30,2541944#8,8.8050,8.3700,9.2400,0.6152,0.3800,0.3600,0.4000,0.0283,2
37800.0,38700.0,10:30,2541944#9,8.8000,8.3700,9.2300,0.6081,0.3800,0.3600,0.4000,0.0283,2
37800.0,38700.0,10:30,2543096,11.1100,11.1100,11.1100,0.0000,0.1000,0.1000,0.1000,0.0000,2
37800.0,38700.0,10:30,2543332#0,7.9800,7.1600,8.8000,1.1597,0.2800,0.2500,0.3100,0.0424,2
37800.0,38700.0,10:30,2543332#1,7.9750,7.1500,8.8000,1.1667,0.2800,0.2500,0.3100,0.0424,2
37800.0,38700.0,10:30,2543332#4,8.1750,5.8200,10.5300,3.3305,0.1500,0.1100,0.1900,0.0566,2
37800.0,38700.0,10:30,2543333,13.8900,13.8900,13.8900,0.0000,0.0800,0.0800,0.0800,0.0000,2
37800.0,38700.0,10:30,2544465#1,8.8450,8.7300,8.9600,0.1626,0.1250,0.1200,0.1300,0.0071,2
37800.0,38700.0,10:30,2570542,13.8900,13.8900,13.8900,0.0000,0.1600,0.1600,0.1600,0.0000,2
37800.0,38700.0,10:30,258625107#0,9.1000,8.9700,9.2300,0.1838,0.2450,0.2400,0.2500,0.0071,2
37800.0,38700.0,10:30,258625107#1,9.1000,8.9700,9.2300,0.1838,0.2450,0.2400,0.2500,0.0071,2
37800.0,38700.0,10:30,258625107#2,9.0550,8.9200,9.1900,0.1909,0.2100,0.2000,0.2200,0.0141,2
37800.0,38700.0,10:30,289329430#0,12.8100,11.7300,13.8900,1.5274,0.0850,0.0800,0.0900,0.0071,2
37800.0,38700.0,10:30,289329430#1,12.8100,11.7300,13.8900,1.5274,0.0850,0.0800,0.0900,0.0071,2
37800.0,38700.0,10:30,30278393#1,8.9750,8.8400,9.1100,0.1909,0.1250,0.1200,0.1300,0.0071,2
37800.0,38700.0,10:30,31992815,13.8900,13.8900,13.8900,0.0000,0.1600,0.1600,0.1600,0.0000,2
37800.0,38700.0,10:30,32982950,11.1100,11.1100,11.1100,0.0000,0.1000,0.1000,0.1000,0.0000,2
37800.0,38700.0,10:30,37899441#1,8.8450,8.7300,8.9600,0.1626,0.1250,0.1200,0.1300,0.0071,2
37800.0,38700.0,10:30,380310114#0,8.8100,8.0900,9.5300,1.0182,0.1300,0.1200,0.1400,0.0141,2
37800.0,38700.0,10:30,380310114#2,8.8100,8.0900,9.5300,1.0182,0.1300,0.1200,0.1400,0.0141,2
37800.0,38700.0,10:30,383327664#0,8.9800,8.4500,9.5100,0.7495,0.2450,0.2300,0.2600,0.0212,2
37800.0,38700.0,10:30,383327664#2,8.9800,8.4500,9.5100,0.7495,0.2450,0.2300,0.2600,0.0212,2
37800.0,38700.0,10:30,384828057#0,8.9800,8.4500,9.5100,0.7495,0.2450,0.2300,0.2600,0.0212,2
37800.0,38700.0,10:30,39646561,13.8900,13.8900,13.8900,0.0000,0.1600,0.1600,0.1600,0.0000,2
37800.0,38700.0,10:30,398531629#1,11.1100,11.1100,11.1100,0.0000,0.1000,0.1000,0.1000,0.0000,2
37800.0,38700.0,10:30,400886685#1,9.6050,8.5300,10.6800,1.5203,0.1150,0.1000,0.1300,0.0212,2
37800.0,38700.0,10:30,400886689#1,9.4600,9.1300,9.7900,0.4667,0.1150,0.1100,0.1200,0.0071,2
37800.0,38700.0,10:30,401595498,9.5750,9.5100,9.6400,0.0919,0.1750,0.1200,0.2300,0.0778,2
37800.0,38700.0,10:30,41526718#0,8.8950,8.7000,9.0900,0.2758,0.1250,0.1200,0.1300,0.0071,2
37800.0,38700.0,10:30,41754609#0,12.0400,10.3100,13.7700,2.4466,0.0950,0.0800,0.1100,0.0212,2
37800.0,38700.0,10:30,41754609#1,12.0450,10.3100,13.7800,2.4537,0.0950,0.0800,0.1100,0.0212,2
37800.0,38700.0,10:30,427821329#1,8.9750,8.8400,9.1100,0.1909,0.1250,0.1200,0.1300,0.0071,2
37800.0,38700.0,10:30,427821329#2,8.9750,8.8400,9.1100,0.1909,0.1250,0.1200,0.1300,0.0071,2
37800.0,38700.0,10:30,429206409,8.9800,8.4500,9.5100,0.7495,0.2450,0.2300,0.2600,0.0212,2
37800.0,38700.0,10:30,449880197#0,9.0550,8.4500,9.6600,0.8556,0.2450,0.2300,0.2600,0.0212,2
37800.0,38700.0,10:30,449880200,12.3100,12.2700,12.3500,0.0566,0.1800,0.1800,0.1800,0.0000,2
37800.0,38700.0,10:30,450227283#1,9.4600,9.1300,9.7900,0.4667,0.1150,0.1100,0.1200,0.0071,2
37800.0,38700.0,10:30,450227283#2,9.4550,9.1300,9.7800,0.4596,0.1150,0.1100,0.1200,0.0071,2
37800.0,38700.0,10:30,451081200,13.8700,13.8700,13.8700,0.0000,0.0800,0.0800,0.0800,0.0000,2
37800.0,38700.0,10:30,452105746#0,8.8100,8.0900,9.5300,1.0182,0.1300,0.1200,0.1400,0.0141,2
37800.0,38700.0,10:30,452105747,8.9950,8.4700,9.5200,0.7425,0.2450,0.2300,0.2600,0.0212,2
37800.0,38700.0,10:30,455476281#0,8.3600,7.5600,9.1600,1.1314,0.2650,0.2400,0.2900,0.0354,2
37800.0,38700.0,10:30,455476281#1,8.1750,5.8200,10.5300,3.3305,0.1500,0.1100,0.1900,0.0566,2
37800.0,38700.0,10:30,456194040#0,13.8900,13.8900,13.8900,0.0000,0.0800,0.0800,0.0800,0.0000,2
37800.0,38700.0,10:30,456194040#3,13.8900,13.8900,13.8900,0.0000,0.0800,0.0800,0.0800,0.0000,2
37800.0,38700.0,10:30,456598077,12.7300,11.6500,13.8100,1.5274,0.1750,0.1600,0.1900,0.0212,2
37800.0,38700.0,10:30,4609277,11.1100,11.1100,11.1100,0.0000,0.1000,0.1000,0.1000,0.0000,2
37800.0,38700.0,10:30,4609278,13.8900,13.8900,13.8900,0.0000,0.1600,0.1600,0.1600,0.0000,2
37800.0,38700.0,10:30,461119579,12.9000,11.7200,14.0800,1.6688,0.1750,0.1600,0.1900,0.0212,2
37800.0,38700.0,10:30,463890077#0,12.7050,11.5200,13.8900,1.6758,0.0900,0.0800,0.1000,0.0141,2
37800.0,38700.0,10:30,4652420,11.1100,11.1100,11.1100,0.0000,0.1000,0.1000,0.1000,0.0000,2
37800.0,38700.0,10:30,4692270#2,8.0300,6.8800,9.1800,1.6263,0.1400,0.1200,0.1600,0.0283,2
37800.0,38700.0,10:30,4692270#3,8.0250,6.8700,9.1800,1.6334,0.1400,0.1200,0.1600,0.0283,2
37800.0,38700.0,10:30,4725452,8.6400,8.0900,9.1900,0.7778,0.1300,0.1200,0.1400,0.0141,2
37800.0,38700.0,10:30,4725794#1,13.8900,13.8900,13.8900,0.0000,0.0800,0.0800,0.0800,0.0000,1
37800.0,38700.0,10:30,4725920#0,8.3900,7.6900,9.0900,0.9899,0.1300,0.1200,0.1400,0.0141,2
37800.0,38700.0,10:30,4725920#1,8.3900,7.6900,9.0900,0.9899,0.1300,0.1200,0.1400,0.0141,2
37800.0,38700.0,10:30,4725920#2,8.4250,7.5500,9.3000,1.2374,0.1350,0.1200,0.1500,0.0212,2
37800.0,38700.0,10:30,4725920#3,8.4250,7.5600,9.2900,1.2233,0.1350,0.1200,0.1500,0.0212,2
37800.0,38700.0,10:30,538540588#0,8.8450,8.7300,8.9600,0.1626,0.1250,0.1200,0.1300,0.0071,2
37800.0,38700.0,10:30,538540588#1,8.8450,8.7300,8.9600,0.1626,0.1250,0.1200,0.1300,0.0071,2
37800.0,38700.0,10:30,538996580#0,7.9800,6.4600,9.5000,2.1496,0.1450,0.1200,0.1700,0.0354,2
37800.0,38700.0,10:30,609715705,8.8500,8.7400,8.9600,0.1556,0.1250,0.1200,0.1300,0.0071,2
37800.0,38700.0,10:30,631597723#0,9.1000,8.9700,9.2300,0.1838,0.2450,0.2400,0.2500,0.0071,2
37800.0,38700.0,10:30,650010534,12.0450,10.3100,13.7800,2.4537,0.0950,0.0800,0.1100,0.0212,2
37800.0,38700.0,10:30,661903030,8.9750,8.4500,9.5000,0.7425,0.2450,0.2300,0.2600,0.0212,2
37800.0,38700.0,10:30,673497910#1,8.8050,8.3700,9.2400,0.6152,0.3800,0.3600,0.4000,0.0283,2
37800.0,38700.0,10:30,678513607,11.1100,11.1100,11.1100,0.0000,0.1000,0.1000,0.1000,0.0000,2
37800.0,38700.0,10:30,68756016#0,9.1600,8.2600,10.0600,1.2728,0.1200,0.1100,0.1300,0.0141,2
37800.0,38700.0,10:30,68756016#2,9.1550,8.2600,10.0500,1.2657,0.1200,0.1100,0.1300,0.0141,2
37800.0,38700.0,10:30,68756016#3,9.1600,8.2600,10.0600,1.2728,0.1200,0.1100,0.1300,0.0141,2
37800.0,38700.0,10:30,68756019#0,14.1200,14.1200,14.1200,0.0000,0.0800,0.0800,0.0800,0.0000,2
37800.0,38700.0,10:30,68756019#1,13.8900,13.8900,13.8900,0.0000,0.0800,0.0800,0.0800,0.0000,2
37800.0,38700.0,10:30,68756019#3,13.9000,13.9000,13.9000,0.0000,0.0800,0.0800,0.0800,0.0000,2
37800.0,38700.0,10:30,68756023#1,12.8950,11.7200,14.0700,1.6617,0.1750,0.1600,0.1900,0.0212,2
37800.0,38700.0,10:30,68756027#0,13.8900,13.8900,13.8900,0.0000,0.0800,0.0800,0.0800,0.0000,2
37800.0,38700.0,10:30,68756043#0,12.0400,10.3100,13.7700,2.4466,0.0950,0.0800,0.1100,0.0212,2
37800.0,38700.0,10:30,68756043#1,12.0400,10.3100,13.7700,2.4466,0.0950,0.0800,0.1100,0.0212,2
37800.0,38700.0,10:30,68756056#0,13.8900,13.8900,13.8900,0.0000,0.0800,0.0800,0.0800,0.0000,2
37800.0,38700.0,10:30,68756056#1,13.8300,13.8300,13.8300,0.0000,0.0800,0.0800,0.0800,0.0000,2
37800.0,38700.0,10:30,68756056#2,13.8900,13.8900,13.8900,0.0000,0.0800,0.0800,0.0800,0.0000,2
37800.0,38700.0,10:30,68756056#4,13.9000,13.9000,13.9000,0.0000,0.0800,0.0800,0.0800,0.0000,2
37800.0,38700.0,10:30,68756101,12.7750,11.7600,13.7900,1.4354,0.1750,0.1600,0.1900,0.0212,2
37800.0,38700.0,10:30,68876071#0,12.5050,11.1300,13.8800,1.9445,0.0900,0.0800,0.1000,0.0141,2
37800.0,38700.0,10:30,68876071#1,12.5050,11.1200,13.8900,1.9587,0.0900,0.0800,0.1000,0.0141,2
37800.0,38700.0,10:30,68876071#2,12.5050,11.1200,13.8900,1.9587,0.0900,0.0800,0.1000,0.0141,2
37800.0,38700.0,10:30,68876071#3,12.5050,11.1200,13.8900,1.9587,0.0900,0.0800,0.1000,0.0141,2
37800.0,38700.0,10:30,68876071#4,12.5050,11.1200,13.8900,1.9587,0.0900,0.0800,0.1000,0.0141,2
37800.0,38700.0,10:30,717611302,12.7500,10.7200,14.7800,2.8709,0.1800,0.1500,0.2100,0.0424,2
37800.0,38700.0,10:30,717611307#0,13.8800,13.8800,13.8800,0.0000,0.0800,0.0800,0.0800,0.0000,2
37800.0,38700.0,10:30,717611307#1,12.8100,10.8100,14.8100,2.8284,0.1800,0.1500,0.2100,0.0424,2
37800.0,38700.0,10:30,721312550,8.6400,8.0900,9.1900,0.7778,0.1300,0.1200,0.1400,0.0141,2
37800.0,38700.0,10:30,723584180#0,8.6200,8.3400,8.9000,0.3960,0.5150,0.5000,0.5300,0.0212,2
37800.0,38700.0,10:30,723584180#1,8.4500,8.3400,8.5600,0.1556,0.5250,0.5200,0.5300,0.0071,2
37800.0,38700.0,10:30,729244957#1,13.8900,13.8900,13.8900,0.0000,0.0800,0.0800,0.0800,0.0000,2
37800.0,38700.0,10:30,775996047#0,9.1550,7.9500,10.3600,1.7041,0.1250,0.1100,0.1400,0.0212,2
37800.0,38700.0,10:30,775996047#1,9.1550,7.9500,10.3600,1.7041,0.1250,0.1100,0.1400,0.0212,2
37800.0,38700.0,10:30,775996047#3,9.2650,8.0000,10.5300,1.7890,0.1250,0.1100,0.1400,0.0212,2
37800.0,38700.0,10:30,775996047#4,9.1500,7.9500,10.3500,1.6971,0.1250,0.1100,0.1400,0.0212,2
37800.0,38700.0,10:30,775996047#5,9.1550,7.9500,10.3600,1.7041,0.1250,0.1100,0.1400,0.0212,2
37800.0,38700.0,10:30,79630980#1,7.9750,6.4500,9.5000,2.1567,0.1450,0.1200,0.1700,0.0354,2
37800.0,38700.0,10:30,79630980#2,7.9800,6.4500,9.5100,2.1637,0.1450,0.1200,0.1700,0.0354,2
37800.0,38700.0,10:30,79630980#3,7.9800,6.4600,9.5000,2.1496,0.1450,0.1200,0.1700,0.0354,2
37800.0,38700.0,10:30,79633751,7.9800,6.4700,9.4900,2.1355,0.1450,0.1200,0.1700,0.0354,2
37800.0,38700.0,10:30,79633771#0,8.9800,8.4500,9.5100,0.7495,0.2450,0.2300,0.2600,0.0212,2
37800.0,38700.0,10:30,79633771#2,8.9800,8.4500,9.5100,0.7495,0.2450,0.2300,0.2600,0.0212,2
37800.0,38700.0,10:30,830416769,14.2900,14.2900,14.2900,0.0000,0.0800,0.0800,0.0800,0.0000,2
37800.0,38700.0,10:30,83207316,13.1750,12.4600,13.8900,1.0112,0.1700,0.1600,0.1800,0.0141,2
37800.0,38700.0,10:30,858813335,11.1100,11.1100,11.1100,0.0000,0.1000,0.1000,0.1000,0.0000,2
37800.0,38700.0,10:30,858813354#0,12.9000,11.7200,14.0800,1.6688,0.1750,0.1600,0.1900,0.0212,2
37800.0,38700.0,10:30,883193661#0,13.7950,13.7000,13.8900,0.1344,0.0800,0.0800,0.0800,0.0000,2
37800.0,38700.0,10:30,887871736#0,13.8900,13.8900,13.8900,0.0000,0.0800,0.0800,0.0800,0.0000,2
37800.0,38700.0,10:30,887871736#1,13.9500,13.9500,13.9500,0.0000,0.0800,0.0800,0.0800,0.0000,2
37800.0,38700.0,10:30,913001041,13.8900,13.8900,13.8900,0.0000,0.1600,0.1600,0.1600,0.0000,2
37800.0,38700.0,10:30,913008650,13.3950,12.5000,14.2900,1.2657,0.1700,0.1600,0.1800,0.0141,2
37800.0,38700.0,10:30,926028935#0,8.9800,8.4500,9.5100,0.7495,0.2450,0.2300,0.2600,0.0212,2
37800.0,38700.0,10:30,939067973,11.0800,11.0800,11.0800,0.0000,0.1000,0.1000,0.1000,0.0000,2
37800.0,38700.0,10:30,953082529#3,12.5050,11.1200,13.8900,1.9587,0.0900,0.0800,0.1000,0.0141,2
37800.0,38700.0,10:30,956982233#1,8.1750,5.8200,10.5300,3.3305,0.1500,0.1100,0.1900,0.0566,2
37800.0,38700.0,10:30,975971053,11.1100,11.1100,11.1100,0.0000,0.1000,0.1000,0.1000,0.0000,2
37800.0,38700.0,10:30,975971055,11.1100,11.1100,11.1100,0.0000,0.1000,0.1000,0.1000,0.0000,2
37800.0,38700.0,10:30,975971057,11.1100,11.1100,11.1100,0.0000,0.1000,0.1000,0.1000,0.0000,2
37800.0,38700.0,10:30,975971059,11.1100,11.1100,11.1100,0.0000,0.1000,0.1000,0.1000,0.0000,2
37800.0,38700.0,10:30,985837487,13.8900,13.8900,13.8900,0.0000,0.1600,0.1600,0.1600,0.0000,2
37800.0,38700.0,10:30,996141193#0,12.5050,11.1200,13.8900,1.9587,0.0900,0.0800,0.1000,0.0141,2
37800.0,38700.0,10:30,996141193#1,12.5050,11.1200,13.8900,1.9587,0.0900,0.0800,0.1000,0.0141,2
38700.0,39600.0,10:45,-1025366406,8.3900,7.7500,9.0300,0.9051,0.1300,0.1200,0.1400,0.0141,2
38700.0,39600.0,10:45,-1026085894#0,8.4400,7.7500,9.1300,0.9758,0.1300,0.1200,0.1400,0.0141,2
38700.0,39600.0,10:45,-1026085894#1,8.4400,7.7500,9.1300,0.9758,0.1300,0.1200,0.1400,0.0141,2
38700.0,39600.0,10:45,-1026085894#2,8.4400,7.7500,9.1300,0.9758,0.1300,0.1200,0.1400,0.0141,2
38700.0,39600.0,10:45,-104288999,8.5650,8.5400,8.5900,0.0354,0.2600,0.2600,0.2600,0.0000,2
38700.0,39600.0,10:45,-1053066061#2,8.9400,8.7500,9.1300,0.2687,0.2450,0.2400,0.2500,0.0071,2
38700.0,39600.0,10:45,-1053066068#1,9.1050,9.0500,9.1600,0.0778,0.3650,0.3600,0.3700,0.0071,2
38700.0,39600.0,10:45,-1053066068#3,9.1050,9.0500,9.1600,0.0778,0.3650,0.3600,0.3700,0.0071,2
38700.0,39600.0,10:45,-1053066068#4,9.0950,9.0600,9.1300,0.0495,0.3700,0.3700,0.3700,0.0000,2
38700.0,39600.0,10:45,-1053979184#1,12.3500,12.3500,12.3500,0.0000,0.1800,0.1800,0.1800,0.0000,2
38700.0,39600.0,10:45,-1053979387,13.8900,13.8900,13.8900,0.0000,0.0800,0.0800,0.0800,0.0000,2
38700.0,39600.0,10:45,-1053979388#1,8.4150,7.7500,9.0800,0.9405,0.2650,0.2400,0.2900,0.0354,2
38700.0,39600.0,10:45,-1053979388#2,8.4150,7.7500,9.0800,0.9405,0.2650,0.2400,0.2900,0.0354,2
38700.0,39600.0,10:45,-1054418205,9.1350,8.6700,9.6000,0.6576,0.0700,0.0200,0.1200,0.0707,2
38700.0,39600.0,10:45,-11022533#0,9.5800,9.5800,9.5800,0.0000,0.1200,0.1200,0.1200,0.0000,1
38700.0,39600.0,10:45,-11022533#2,9.6000,9.6000,9.6000,0.0000,0.1200,0.1200,0.1200,0.0000,1
38700.0,39600.0,10:45,-1112393351,13.5550,13.3000,13.8100,0.3606,0.0800,0.0800,0.0800,0.0000,2
38700.0,39600.0,10:45,-1177239769,11.1100,11.1100,11.1100,0.0000,0.1000,0.1000,0.1000,0.0000,2
38700.0,39600.0,10:45,-1301164218#0,8.6350,8.4700,8.8000,0.2333,0.7750,0.7600,0.7900,0.0212,2
38700.0,39600.0,10:45,-1301164218#3,8.6350,8.4700,8.8000,0.2333,0.7750,0.7600,0.7900,0.0212,2
38700.0,39600.0,10:45,-1301164219,8.6350,8.4700,8.8000,0.2333,0.7750,0.7600,0.7900,0.0212,2
38700.0,39600.0,10:45,-1305563481#1,9.0650,8.9800,9.1500,0.1202,0.2450,0.2400,0.2500,0.0071,2
38700.0,39600.0,10:45,-1305563481#2,9.1200,8.6600,9.5800,0.6505,0.1250,0.1200,0.1300,0.0071,2
38700.0,39600.0,10:45,-1305563481#3,9.1350,8.6600,9.6100,0.6718,0.1250,0.1200,0.1300,0.0071,2
38700.0,39600.0,10:45,-1305563481#5,9.1300,8.6700,9.5900,0.6505,0.1250,0.1200,0.1300,0.0071,2
38700.0,39600.0,10:45,-134063971,8.4400,7.7500,9.1300,0.9758,0.1300,0.1200,0.1400,0.0141,2
38700.0,39600.0,10:45,-134063977#1,13.8800,13.8800,13.8800,0.0000,0.3200,0.3200,0.3200,0.0000,2
38700.0,39600.0,10:45,-135706987#0,16.6700,16.6700,16.6700,0.0000,0.0700,0.0700,0.0700,0.0000,2
38700.0,39600.0,10:45,-1361717374#2,8.4400,7.7600,9.1200,0.9617,0.1300,0.1200,0.1400,0.0141,2
38700.0,39600.0,10:45,-13715475#1,9.9750,8.1700,11.7800,2.5527,0.1150,0.0900,0.1400,0.0354,2
38700.0,39600.0,10:45,-1424789407#1,11.1100,11.1100,11.1100,0.0000,0.1000,0.1000,0.1000,0.0000,2
38700.0,39600.0,10:45,-1424789407#2,11.1100,11.1100,11.1100,0.0000,0.1000,0.1000,0.1000,0.0000,2
38700.0,39600.0,10:45,-161182809,9.8150,9.1400,10.4900,0.9546,0.2250,0.2100,0.2400,0.0212,2
38700.0,39600.0,10:45,-230820329#0,9.0650,8.9800,9.1500,0.1202,0.2450,0.2400,0.2500,0.0071,2
38700.0,39600.0,10:45,-230820329#1,9.0650,8.9800,9.1500,0.1202,0.2450,0.2400,0.2500,0.0071,2
38700.0,39600.0,10:45,-230820329#3,9.0650,8.9800,9.1500,0.1202,0.2450,0.2400,0.2500,0.0071,2
38700.0,39600.0,10:45,-230834256#0,9.0350,8.7500,9.3200,0.4031,0.1250,0.1200,0.1300,0.0071,2
38700.0,39600.0,10:45,-230834256#1,9.0350,8.7500,9.3200,0.4031,0.1250,0.1200,0.1300,0.0071,2
38700.0,39600.0,10:45,-230834613#0,9.0200,8.9300,9.1100,0.1273,0.1200,0.1200,0.1200,0.0000,2
38700.0,39600.0,10:45,-230834613#1,9.0250,8.9400,9.1100,0.1202,0.1200,0.1200,0.1200,0.0000,2
38700.0,39600.0,10:45,-230834613#2,9.0250,8.9400,9.1100,0.1202,0.1200,0.1200,0.1200,0.0000,2
38700.0,39600.0,10:45,-230834615,12.9450,12.5200,13.3700,0.6010,0.1750,0.1700,0.1800,0.0071,2
38700.0,39600.0,10:45,-232563583#4,11.1100,11.1100,11.1100,0.0000,0.1000,0.1000,0.1000,0.0000,2
38700.0,39600.0,10:45,-236455763#2,8.7450,8.4400,9.0500,0.4313,0.3800,0.3700,0.3900,0.0141,2
38700.0,39600.0,10:45,-2535038#0,13.8900,13.8900,13.8900,0.0000,0.2400,0.2400,0.2400,0.0000,2
38700.0,39600.0,10:45,-2535038#1,13.8900,13.8900,13.8900,0.0000,0.2400,0.2400,0.2400,0.0000,2
38700.0,39600.0,10:45,-2535038#3,13.8900,13.8900,13.8900,0.0000,0.2400,0.2400,0.2400,0.0000,2
38700.0,39600.0,10:45,-2535038#4,13.8200,13.8200,13.8200,0.0000,0.2400,0.2400,0.2400,0.0000,2
38700.0,39600.0,10:45,-2535039#2,8.8050,8.6900,8.9200,0.1626,0.9250,0.8700,0.9800,0.0778,2
38700.0,39600.0,10:45,-2535114#2,11.1100,11.1100,11.1100,0.0000,0.1000,0.1000,0.1000,0.0000,2
38700.0,39600.0,10:45,-2535114#3,11.1100,11.1100,11.1100,0.0000,0.1000,0.1000,0.1000,0.0000,2
38700.0,39600.0,10:45,-2535350#1,9.0250,8.8500,9.2000,0.2475,0.1250,0.1200,0.1300,0.0071,2
38700.0,39600.0,10:45,-2535381#2,8.7000,8.4600,8.9400,0.3394,0.2550,0.2500,0.2600,0.0071,2
38700.0,39600.0,10:45,-2535382#0,8.9400,8.7500,9.1300,0.2687,0.2450,0.2400,0.2500,0.0071,2
38700.0,39600.0,10:45,-2535382#1,8.8500,8.7500,8.9500,0.1414,0.1250,0.1200,0.1300,0.0071,2
38700.0,39600.0,10:45,-2535382#2,8.8500,8.7500,8.9500,0.1414,0.1250,0.1200,0.1300,0.0071,2
38700.0,39600.0,10:45,-2535382#3,8.8500,8.7500,8.9500,0.1414,0.1250,0.1200,0.1300,0.0071,2
38700.0,39600.0,10:45,-2535383#0,13.9000,13.9000,13.9000,0.0000,0.2400,0.2400,0.2400,0.0000,2
38700.0,39600.0,10:45,-2535383#1,14.2900,14.2900,14.2900,0.0000,0.2300,0.2300,0.2300,0.0000,2
38700.0,39600.0,10:45,-2535383#2,13.8900,13.8900,13.8900,0.0000,0.2400,0.2400,0.2400,0.0000,2
38700.0,39600.0,10:45,-2535383#4,13.8900,13.8900,13.8900,0.0000,0.1600,0.1600,0.1600,0.0000,2
38700.0,39600.0,10:45,-2535383#5,13.8900,13.8900,13.8900,0.0000,0.0800,0.0800,0.0800,0.0000,2
38700.0,39600.0,10:45,-2535384#0,8.8500,8.7500,8.9500,0.1414,0.1250,0.1200,0.1300,0.0071,2
38700.0,39600.0,10:45,-2541944#2,8.4450,7.7500,9.1400,0.9829,0.1300,0.1200,0.1400,0.0141,2
38700.0,39600.0,10:45,-2541944#4,8.4400,7.7500,9.1300,0.9758,0.1300,0.1200,0.1400,0.0141,2
38700.0,39600.0,10:45,-2541944#5,8.4400,7.7500,9.1300,0.9758,0.1300,0.1200,0.1400,0.0141,2
38700.0,39600.0,10:45,-2541944#6,8.4400,7.7500,9.1300,0.9758,0.1300,0.1200,0.1400,0.0141,2
38700.0,39600.0,10:45,-2541944#7,8.4400,7.7500,9.1300,0.9758,0.1300,0.1200,0.1400,0.0141,2
38700.0,39600.0,10:45,-2541944#8,8.4400,7.7500,9.1300,0.9758,0.1300,0.1200,0.1400,0.0141,2
38700.0,39600.0,10:45,-2543332#0,8.4800,8.3400,8.6200,0.1980,0.1300,0.1300,0.1300,0.0000,2
38700.0,39600.0,10:45,-2543332#1,8.4800,8.3400,8.6200,0.1980,0.1300,0.1300,0.1300,0.0000,2
38700.0,39600.0,10:45,-2543332#4,8.4850,8.3400,8.6300,0.2051,0.1300,0.1300,0.1300,0.0000,2
38700.0,39600.0,10:45,-2543333,12.3750,12.1200,12.6300,0.3606,0.3600,0.3500,0.3700,0.0141,2
38700.0,39600.0,10:45,-30278393#0,8.8500,8.7500,8.9500,0.1414,0.1250,0.1200,0.1300,0.0071,2
38700.0,39600.0,10:45,-30278393#1,8.5650,8.5400,8.5900,0.0354,0.2600,0.2600,0.2600,0.0000,2
38700.0,39600.0,10:45,-343036951,9.3650,9.2200,9.5100,0.2051,0.1200,0.1200,0.1200,0.0000,2
38700.0,39600.0,10:45,-344669635,13.1200,12.3500,13.8900,1.0889,0.0850,0.0800,0.0900,0.0071,2
38700.0,39600.0,10:45,-380310114#0,9.0500,8.9100,9.1900,0.1980,0.1200,0.1200,0.1200,0.0000,2
38700.0,39600.0,10:45,-380310114#3,9.0500,8.9100,9.1900,0.1980,0.1200,0.1200,0.1200,0.0000,2
38700.0,39600.0,10:45,-38101989#0,13.7450,13.5900,13.9000,0.2192,0.1600,0.1600,0.1600,0.0000,2
38700.0,39600.0,10:45,-38101989#1,13.7400,13.5800,13.9000,0.2263,0.1600,0.1600,0.1600,0.0000,2
38700.0,39600.0,10:45,-38101989#2,13.7450,13.5900,13.9000,0.2192,0.1600,0.1600,0.1600,0.0000,2
38700.0,39600.0,10:45,-38101989#3,13.7400,13.5900,13.8900,0.2121,0.1600,0.1600,0.1600,0.0000,2
38700.0,39600.0,10:45,-383327664#1,8.8550,7.8700,9.8400,1.3930,0.2550,0.2300,0.2800,0.0354,2
38700.0,39600.0,10:45,-383327664#3,8.8550,7.8700,9.8400,1.3930,0.2550,0.2300,0.2800,0.0354,2
38700.0,39600.0,10:45,-384828057#1,8.8550,7.8700,9.8400,1.3930,0.2550,0.2300,0.2800,0.0354,2
38700.0,39600.0,10:45,-39646561,13.8900,13.8900,13.8900,0.0000,0.1600,0.1600,0.1600,0.0000,2
38700.0,39600.0,10:45,-400886689#0,8.6350,8.2000,9.0700,0.6152,0.4550,0.3800,0.5300,0.1061,2
38700.0,39600.0,10:45,-400886691#0,8.7450,8.4400,9.0500,0.4313,0.3800,0.3700,0.3900,0.0141,2
38700.0,39600.0,10:45,-401595498,10.0500,9.1400,10.9600,1.2869,0.1700,0.1000,0.2400,0.0990,2
38700.0,39600.0,10:45,-427821329#1,8.5300,8.2800,8.7800,0.3536,0.3900,0.3800,0.4000,0.0141,2
38700.0,39600.0,10:45,-427821329#2,8.5250,8.2800,8.7700,0.3465,0.3900,0.3800,0.4000,0.0141,2
38700.0,39600.0,10:45,-429206409,8.7450,8.4400,9.0500,0.4313,0.3800,0.3700,0.3900,0.0141,2
38700.0,39600.0,10:45,-449880197#1,9.0500,8.9100,9.1900,0.1980,0.1200,0.1200,0.1200,0.0000,2
38700.0,39600.0,10:45,-450227283#1,8.6800,8.1900,9.1700,0.6930,0.5100,0.4800,0.5400,0.0424,2
38700.0,39600.0,10:45,-451081200,12.8600,12.4900,13.2300,0.5233,0.2600,0.2500,0.2700,0.0141,2
38700.0,39600.0,10:45,-452105747,8.4850,8.3400,8.6300,0.2051,0.1300,0.1300,0.1300,0.0000,2
38700.0,39600.0,10:45,-456598077,11.1100,11.1100,11.1100,0.0000,0.1000,0.1000,0.1000,0.0000,2
38700.0,39600.0,10:45,-661903030,9.1200,8.6600,9.5800,0.6505,0.1250,0.1200,0.1300,0.0071,2
38700.0,39600.0,10:45,-661903031#3,11.1100,11.1100,11.1100,0.0000,0.1000,0.1000,0.1000,0.0000,2
38700.0,39600.0,10:45,-661903031#5,11.1100,11.1100,11.1100,0.0000,0.1000,0.1000,0.1000,0.0000,2
38700.0,39600.0,10:45,-661903031#6,11.1100,11.1100,11.1100,0.0000,0.1000,0.1000,0.1000,0.0000,2
38700.0,39600.0,10:45,-661903031#9,11.1100,11.1100,11.1100,0.0000,0.1000,0.1000,0.1000,0.0000,2
38700.0,39600.0,10:45,-670737514#1,9.1350,8.6700,9.6000,0.6576,0.1250,0.1200,0.1300,0.0071,2
38700.0,39600.0,10:45,-673497909,8.4400,7.7500,9.1300,0.9758,0.1300,0.1200,0.1400,0.0141,2
38700.0,39600.0,10:45,-673497910#0,8.4550,7.7600,9.1500,0.9829,0.1300,0.1200,0.1400,0.0141,2
38700.0,39600.0,10:45,-68756016#1,8.6350,8.4700,8.8000,0.2333,0.7750,0.7600,0.7900,0.0212,2
38700.0,39600.0,10:45,-68756016#2,8.6350,8.4700,8.8000,0.2333,0.7750,0.7600,0.7900,0.0212,2
38700.0,39600.0,10:45,-68756016#3,8.6350,8.4700,8.8000,0.2333,0.7750,0.7600,0.7900,0.0212,2
38700.0,39600.0,10:45,-723584180#0,9.0350,8.7500,9.3200,0.4031,0.1250,0.1200,0.1300,0.0071,2
38700.0,39600.0,10:45,-723584180#2,9.0350,8.7500,9.3200,0.4031,0.1250,0.1200,0.1300,0.0071,2
38700.0,39600.0,10:45,-750809955#0,9.0350,8.7500,9.3200,0.4031,0.1250,0.1200,0.1300,0.0071,2
38700.0,39600.0,10:45,-775996047#0,8.4400,7.7500,9.1300,0.9758,0.1300,0.1200,0.1400,0.0141,2
38700.0,39600.0,10:45,-775996047#1,8.4400,7.7500,9.1300,0.9758,0.1300,0.1200,0.1400,0.0141,2
38700.0,39600.0,10:45,-775996047#3,8.3900,7.6900,9.0900,0.9899,0.1300,0.1200,0.1400,0.0141,2
38700.0,39600.0,10:45,-775996047#4,8.4400,7.7500,9.1300,0.9758,0.1300,0.1200,0.1400,0.0141,2
38700.0,39600.0,10:45,-775996047#5,8.4400,7.7500,9.1300,0.9758,0.1300,0.1200,0.1400,0.0141,2
38700.0,39600.0,10:45,-79633771#1,9.2750,7.9500,10.6000,1.8738,0.1200,0.1000,0.1400,0.0283,2
38700.0,39600.0,10:45,-79633771#2,9.2750,7.9500,10.6000,1.8738,0.1200,0.1000,0.1400,0.0283,2
38700.0,39600.0,10:45,-817325560,9.1350,8.6700,9.6000,0.6576,0.1250,0.1200,0.1300,0.0071,2
38700.0,39600.0,10:45,-887871736#0,12.8700,12.5000,13.2400,0.5233,0.2600,0.2500,0.2700,0.0141,2
38700.0,39600.0,10:45,-887871736#1,12.8500,12.4800,13.2200,0.5233,0.2600,0.2500,0.2700,0.0141,2
38700.0,39600.0,10:45,-926028935#1,9.1350,8.6700,9.6000,0.6576,0.1250,0.1200,0.1300,0.0071,2
38700.0,39600.0,10:45,-928691979#0,13.8900,13.8900,13.8900,0.0000,0.3200,0.3200,0.3200,0.0000,2
38700.0,39600.0,10:45,-94506480#2,11.1100,11.1100,11.1100,0.0000,0.1000,0.1000,0.1000,0.0000,2
38700.0,39600.0,10:45,-990834100,9.0350,8.7500,9.3200,0.4031,0.1250,0.1200,0.1300,0.0071,2
38700.0,39600.0,10:45,1026085894#0,8.4400,7.7500,9.1300,0.9758,0.1300,0.1200,0.1400,0.0141,2
38700.0,39600.0,10:45,1026845806,12.1650,11.4300,12.9000,1.0394,0.0950,0.0900,0.1000,0.0071,2
38700.0,39600.0,10:45,104288999,8.1200,7.5400,8.7000,0.8202,0.2750,0.2600,0.2900,0.0212,2
38700.0,39600.0,10:45,1053066061#1,9.3550,9.0400,9.6700,0.4455,0.1150,0.1100,0.1200,0.0071,2
38700.0,39600.0,10:45,1053066062,9.4150,9.1300,9.7000,0.4031,0.2350,0.2300,0.2400,0.0071,2
38700.0,39600.0,10:45,1053066068#2,9.4150,9.1300,9.7000,0.4031,0.2350,0.2300,0.2400,0.0071,2
38700.0,39600.0,10:45,1053066068#4,9.4850,9.2100,9.7600,0.3889,0.2350,0.2300,0.2400,0.0071,2
38700.0,39600.0,10:45,1053979184#1,13.9000,13.9000,13.9000,0.0000,0.0800,0.0800,0.0800,0.0000,2
38700.0,39600.0,10:45,1053979387,13.8900,13.8900,13.8900,0.0000,0.0800,0.0800,0.0800,0.0000,2
38700.0,39600.0,10:45,1054418205,8.7350,8.5500,8.9200,0.2616,0.8900,0.8700,0.9100,0.0283,2
38700.0,39600.0,10:45,1058344629,12.3050,12.2200,12.3900,0.1202,0.3600,0.3600,0.3600,0.0000,2
38700.0,39600.0,10:45,1058344630,11.6550,10.8100,12.5000,1.1950,0.1950,0.1800,0.2100,0.0212,2
38700.0,39600.0,10:45,1058647170,8.4900,8.4700,8.5100,0.0283,0.8500,0.7900,0.9100,0.0849,2
38700.0,39600.0,10:45,1058647171#0,9.0600,8.6000,9.5200,0.6505,0.1250,0.1200,0.1300,0.0071,2
38700.0,39600.0,10:45,1058647171#1,8.2600,8.2600,8.2600,0.0000,0.1000,0.1000,0.1000,0.0000,1
38700.0,39600.0,10:45,1059369989,8.3900,7.7500,9.0300,0.9051,0.1300,0.1200,0.1400,0.0141,2
38700.0,39600.0,10:45,11018592,8.7250,8.4400,9.0100,0.4031,0.6700,0.6500,0.6900,0.0283,2
38700.0,39600.0,10:45,11018597#0,13.1200,12.3500,13.8900,1.0889,0.0850,0.0800,0.0900,0.0071,2
38700.0,39600.0,10:45,11018597#1,13.1200,12.3500,13.8900,1.0889,0.0450,0.0100,0.0800,0.0495,2
38700.0,39600.0,10:45,11022533#0,8.7250,8.5400,8.9100,0.2616,0.8900,0.8700,0.9100,0.0283,2
38700.0,39600.0,10:45,11022533#1,8.7350,8.5500,8.9200,0.2616,0.8900,0.8700,0.9100,0.0283,2
38700.0,39600.0,10:45,1112393351,12.7050,11.9800,13.4300,1.0253,0.1800,0.1700,0.1900,0.0141,2
38700.0,39600.0,10:45,1117683359#0,9.9750,8.1700,11.7800,2.5527,0.1150,0.0900,0.1400,0.0354,2
38700.0,39600.0,10:45,1125715810,12.0950,11.6600,12.5300,0.6152,0.2800,0.2700,0.2900,0.0141,2
38700.0,39600.0,10:45,1149713177#0,9.3650,9.2200,9.5100,0.2051,0.1200,0.1200,0.1200,0.0000,2
38700.0,39600.0,10:45,1149713177#1,9.3650,9.2200,9.5100,0.2051,0.1200,0.1200,0.1200,0.0000,2
38700.0,39600.0,10:45,1177239769,11.1100,11.1100,11.1100,0.0000,0.2000,0.2000,0.2000,0.0000,2
38700.0,39600.0,10:45,1220287665,11.7800,11.6500,11.9100,0.1838,0.2850,0.2800,0.2900,0.0071,2
38700.0,39600.0,10:45,1267943350#0,9.5300,8.9500,10.1100,0.8202,0.2350,0.2200,0.2500,0.0212,2
38700.0,39600.0,10:45,1267943350#1,9.5450,9.0900,10.0000,0.6435,0.2300,0.2200,0.2400,0.0141,2
38700.0,39600.0,10:45,1267943350#2,9.5300,8.9500,10.1100,0.8202,0.2350,0.2200,0.2500,0.0212,2
38700.0,39600.0,10:45,1301148626#0,9.2650,8.0000,10.5300,1.7890,0.1250,0.1100,0.1400,0.0212,2
38700.0,39600.0,10:45,1301148626#1,9.2750,7.9500,10.6000,1.8738,0.1200,0.1000,0.1400,0.0283,2
38700.0,39600.0,10:45,1301148626#3,9.2750,7.9400,10.6100,1.8880,0.1200,0.1000,0.1400,0.0283,2
38700.0,39600.0,10:45,1305563481#0,9.2400,8.8500,9.6300,0.5515,0.2400,0.2300,0.2500,0.0141,2
38700.0,39600.0,10:45,1305563481#2,9.1250,8.6600,9.5900,0.6576,0.1250,0.1200,0.1300,0.0071,2
38700.0,39600.0,10:45,1305563481#3,9.1350,8.6600,9.6100,0.6718,0.1250,0.1200,0.1300,0.0071,2
38700.0,39600.0,10:45,1305563481#4,9.1350,8.6700,9.6000,0.6576,0.1250,0.1200,0.1300,0.0071,2
38700.0,39600.0,10:45,1315301899#0,12.0450,11.9800,12.1100,0.0919,0.4600,0.4600,0.4600,0.0000,2
38700.0,39600.0,10:45,1315301901,9.9700,8.1700,11.7700,2.5456,0.1150,0.0900,0.1400,0.0354,2
38700.0,39600.0,10:45,134063971,8.7650,8.6100,8.9200,0.2192,1.0150,1.0000,1.0300,0.0212,2
38700.0,39600.0,10:45,134063977#0,13.9000,13.9000,13.9000,0.0000,0.1600,0.1600,0.1600,0.0000,2
38700.0,39600.0,10:45,134063977#2,13.8900,13.8900,13.8900,0.0000,0.1600,0.1600,0.1600,0.0000,2
38700.0,39600.0,10:45,134136443,8.4850,8.3400,8.6300,0.2051,0.1300,0.1300,0.1300,0.0000,2
38700.0,39600.0,10:45,134411713#0,8.8200,8.7500,8.8900,0.0990,0.8800,0.8700,0.8900,0.0141,2
38700.0,39600.0,10:45,134411713#2,8.8200,8.7500,8.8900,0.0990,0.8850,0.8800,0.8900,0.0071,2
38700.0,39600.0,10:45,1361717374#2,8.7700,8.6200,8.9200,0.2121,1.0150,1.0000,1.0300,0.0212,2
38700.0,39600.0,10:45,1364018960,11.7150,11.6000,11.8300,0.1626,0.2850,0.2800,0.2900,0.0071,2
38700.0,39600.0,10:45,137355169#0,9.3800,9.2400,9.5200,0.1980,0.1200,0.1200,0.1200,0.0000,2
38700.0,39600.0,10:45,137355169#1,9.3650,9.2200,9.5100,0.2051,0.1200,0.1200,0.1200,0.0000,2
38700.0,39600.0,10:45,137355169#2,9.3650,9.2200,9.5100,0.2051,0.1200,0.1200,0.1200,0.0000,2
38700.0,39600.0,10:45,137355169#3,9.3650,9.2200,9.5100,0.2051,0.1200,0.1200,0.1200,0.0000,2
38700.0,39600.0,10:45,137355169#4,9.3650,9.2200,9.5100,0.2051,0.1200,0.1200,0.1200,0.0000,2
38700.0,39600.0,10:45,137355169#5,9.3650,9.2200,9.5100,0.2051,0.1200,0.1200,0.1200,0.0000,2
38700.0,39600.0,10:45,137355169#6,9.3650,9.2200,9.5100,0.2051,0.1200,0.1200,0.1200,0.0000,2
38700.0,39600.0,10:45,14135257#0,12.0950,11.6600,12.5300,0.6152,0.2800,0.2700,0.2900,0.0141,2
38700.0,39600.0,10:45,14135257#1,12.0950,11.6600,12.5300,0.6152,0.2800,0.2700,0.2900,0.0141,2
38700.0,39600.0,10:45,14135257#2,12.6700,11.9600,13.3800,1.0041,0.1800,0.1700,0.1900,0.0141,2
38700.0,39600.0,10:45,14135257#3,12.6700,11.9600,13.3800,1.0041,0.1800,0.1700,0.1900,0.0141,2
38700.0,39600.0,10:45,1424789396,14.6900,12.7000,16.6800,2.8143,0.0800,0.0700,0.0900,0.0141,2
38700.0,39600.0,10:45,1424789403#0,8.5850,8.5300,8.6400,0.0778,0.5150,0.5100,0.5200,0.0071,2
38700.0,39600.0,10:45,1424789403#1,8.5850,8.5300,8.6400,0.0778,0.5150,0.5100,0.5200,0.0071,2
38700.0,39600.0,10:45,1424789406#0,11.1000,11.1000,11.1000,0.0000,0.1000,0.1000,0.1000,0.0000,2
38700.0,39600.0,10:45,146605605#0,9.3650,8.1300,10.6000,1.7466,0.1300,0.1000,0.1600,0.0424,2
38700.0,39600.0,10:45,146605605#2,9.2750,7.9500,10.6000,1.8738,0.1200,0.1000,0.1400,0.0283,2
38700.0,39600.0,10:45,161182809,8.8550,8.8100,8.9000,0.0636,1.0050,1.0000,1.0100,0.0071,2
38700.0,39600.0,10:45,172336694,7.8300,7.3600,8.3000,0.6647,0.1400,0.1300,0.1500,0.0141,2
38700.0,39600.0,10:45,193230709#0,9.2650,8.0000,10.5300,1.7890,0.1250,0.1100,0.1400,0.0212,2
38700.0,39600.0,10:45,193230709#1,9.2750,7.9500,10.6000,1.8738,0.1200,0.1000,0.1400,0.0283,2
38700.0,39600.0,10:45,230820329#0,9.3550,9.0400,9.6700,0.4455,0.1150,0.1100,0.1200,0.0071,2
38700.0,39600.0,10:45,230820329#1,9.3550,9.0400,9.6700,0.4455,0.1150,0.1100,0.1200,0.0071,2
38700.0,39600.0,10:45,230820329#2,9.2400,8.8500,9.6300,0.5515,0.2400,0.2300,0.2500,0.0141,2
38700.0,39600.0,10:45,230834613#0,7.8200,7.3400,8.3000,0.6788,0.1400,0.1300,0.1500,0.0141,2
38700.0,39600.0,10:45,230834613#1,7.8200,7.3400,8.3000,0.6788,0.1400,0.1300,0.1500,0.0141,2
38700.0,39600.0,10:45,230834613#2,7.8250,7.3400,8.3100,0.6859,0.1400,0.1300,0.1500,0.0141,2
38700.0,39600.0,10:45,230834615,13.8850,13.8800,13.8900,0.0071,0.0800,0.0800,0.0800,0.0000,2
38700.0,39600.0,10:45,236455763#1,8.8500,8.7600,8.9400,0.1273,1.0000,0.9900,1.0100,0.0141,2
38700.0,39600.0,10:45,2534525#3,8.3900,7.7500,9.0300,0.9051,0.1300,0.1200,0.1400,0.0141,2
38700.0,39600.0,10:45,2535038#0,13.8900,13.8900,13.8900,0.0000,0.0800,0.0800,0.0800,0.0000,2
38700.0,39600.0,10:45,2535038#1,13.8900,13.8900,13.8900,0.0000,0.0800,0.0800,0.0800,0.0000,2
38700.0,39600.0,10:45,2535038#2,13.8900,13.8900,13.8900,0.0000,0.0800,0.0800,0.0800,0.0000,2
38700.0,39600.0,10:45,2535038#4,13.8200,13.8200,13.8200,0.0000,0.0800,0.0800,0.0800,0.0000,2
38700.0,39600.0,10:45,2535039#0,8.8550,7.8700,9.8400,1.3930,0.2550,0.2300,0.2800,0.0354,2
38700.0,39600.0,10:45,2535114#2,11.1100,11.1100,11.1100,0.0000,0.1000,0.1000,0.1000,0.0000,2
38700.0,39600.0,10:45,2535114#3,11.1100,11.1100,11.1100,0.0000,0.1000,0.1000,0.1000,0.0000,2
38700.0,39600.0,10:45,2535115#0,9.3750,8.8600,9.8900,0.7283,0.1200,0.1100,0.1300,0.0141,2
38700.0,39600.0,10:45,2535350#1,9.3900,9.2000,9.5800,0.2687,0.1200,0.1200,0.1200,0.0000,2
38700.0,39600.0,10:45,2535350#2,9.3550,9.0400,9.6700,0.4455,0.1150,0.1100,0.1200,0.0071,2
38700.0,39600.0,10:45,2535381#0,8.5100,8.3600,8.6600,0.2121,0.2650,0.2600,0.2700,0.0071,2
38700.0,39600.0,10:45,2535382#0,9.3550,9.0400,9.6700,0.4455,0.1150,0.1100,0.1200,0.0071,2
38700.0,39600.0,10:45,2535383#1,14.2900,14.2900,14.2900,0.0000,0.0800,0.0800,0.0800,0.0000,2
38700.0,39600.0,10:45,2535383#2,13.8900,13.8900,13.8900,0.0000,0.0800,0.0800,0.0800,0.0000,2
38700.0,39600.0,10:45,2535383#4,13.8900,13.8900,13.8900,0.0000,0.0800,0.0800,0.0800,0.0000,2
38700.0,39600.0,10:45,2541944#2,8.4050,8.3300,8.4800,0.1061,0.2650,0.2600,0.2700,0.0071,2
38700.0,39600.0,10:45,2541944#3,8.4050,8.3300,8.4800,0.1061,0.2650,0.2600,0.2700,0.0071,2
38700.0,39600.0,10:45,2541944#5,9.1350,8.6700,9.6000,0.6576,0.1250,0.1200,0.1300,0.0071,2
38700.0,39600.0,10:45,2541944#6,9.1300,8.6700,9.5900,0.6505,0.1250,0.1200,0.1300,0.0071,2
38700.0,39600.0,10:45,2541944#7,9.1350,8.6700,9.6000,0.6576,0.1250,0.1200,0.1300,0.0071,2
38700.0,39600.0,10:45,2541944#8,9.1350,8.6700,9.6000,0.6576,0.1250,0.1200,0.1300,0.0071,2
38700.0,39600.0,10:45,2541944#9,9.1400,8.6900,9.5900,0.6364,0.1250,0.1200,0.1300,0.0071,2
38700.0,39600.0,10:45,2542711#3,9.9750,8.1700,11.7800,2.5527,0.1150,0.0900,0.1400,0.0354,2
38700.0,39600.0,10:45,2542711#4,9.9750,8.1700,11.7800,2.5527,0.1150,0.0900,0.1400,0.0354,2
38700.0,39600.0,10:45,2543134#1,11.1100,11.1100,11.1100,0.0000,0.1000,0.1000,0.1000,0.0000,2
38700.0,39600.0,10:45,2543333,12.4300,12.3100,12.5500,0.1697,0.5350,0.5300,0.5400,0.0071,2
38700.0,39600.0,10:45,2544440#1,9.9700,8.1700,11.7700,2.5456,0.1150,0.0900,0.1400,0.0354,2
38700.0,39600.0,10:45,2544440#2,9.9800,8.1800,11.7800,2.5456,0.1150,0.0900,0.1400,0.0354,2
38700.0,39600.0,10:45,2570429#0,9.3750,8.8600,9.8900,0.7283,0.1200,0.1100,0.1300,0.0141,2
38700.0,39600.0,10:45,2570429#1,9.3650,8.8500,9.8800,0.7283,0.1200,0.1100,0.1300,0.0141,2
38700.0,39600.0,10:45,2570429#2,9.3500,8.7000,10.0000,0.9192,0.1200,0.1100,0.1300,0.0141,2
38700.0,39600.0,10:45,2570429#3,9.3750,8.8600,9.8900,0.7283,0.1200,0.1100,0.1300,0.0141,2
38700.0,39600.0,10:45,2570542,12.8200,12.8200,12.8200,0.0000,0.2600,0.2600,0.2600,0.0000,2
38700.0,39600.0,10:45,258625107#2,9.3650,9.2200,9.5100,0.2051,0.0350,0.0300,0.0400,0.0071,2
38700.0,39600.0,10:45,30278393#0,8.7450,8.6200,8.8700,0.1768,0.3850,0.3800,0.3900,0.0071,2
38700.0,39600.0,10:45,30278393#1,8.9200,8.2200,9.6200,0.9899,0.3250,0.3000,0.3500,0.0354,2
38700.0,39600.0,10:45,30278394#0,12.5100,12.5000,12.5200,0.0141,0.1800,0.1800,0.1800,0.0000,2
38700.0,39600.0,10:45,31866149#0,12.5050,12.4900,12.5200,0.0212,0.1800,0.1800,0.1800,0.0000,2
38700.0,39600.0,10:45,31866149#1,12.5050,12.4900,12.5200,0.0212,0.1800,0.1800,0.1800,0.0000,2
38700.0,39600.0,10:45,31866149#2,12.5050,12.4900,12.5200,0.0212,0.1800,0.1800,0.1800,0.0000,2
38700.0,39600.0,10:45,31866149#3,12.3100,12.1200,12.5000,0.2687,0.1800,0.1800,0.1800,0.0000,2
38700.0,39600.0,10:45,31866149#4,12.5100,12.4900,12.5300,0.0283,0.1800,0.1800,0.1800,0.0000,2
38700.0,39600.0,10:45,31866149#5,12.5050,12.4900,12.5200,0.0212,0.1800,0.1800,0.1800,0.0000,2
38700.0,39600.0,10:45,31866149#6,12.5100,12.4900,12.5300,0.0283,0.1800,0.1800,0.1800,0.0000,2
38700.0,39600.0,10:45,31992815,12.8200,12.8200,12.8200,0.0000,0.2600,0.2600,0.2600,0.0000,2
38700.0,39600.0,10:45,380310114#0,9.0500,8.9100,9.1900,0.1980,0.1200,0.1200,0.1200,0.0000,2
38700.0,39600.0,10:45,383327664#0,8.8500,8.7600,8.9400,0.1273,1.0000,0.9900,1.0100,0.0141,2
38700.0,39600.0,10:45,383327664#2,8.8500,8.7600,8.9400,0.1273,1.0000,0.9900,1.0100,0.0141,2
38700.0,39600.0,10:45,384828057#0,8.8400,8.7600,8.9200,0.1131,0.9450,0.8800,1.0100,0.0919,2
38700.0,39600.0,10:45,39646561,12.9600,12.9600,12.9600,0.0000,0.6000,0.6000,0.6000,0.0000,2
38700.0,39600.0,10:45,400886689#1,8.8450,8.7900,8.9000,0.0778,0.8800,0.8700,0.8900,0.0141,2
38700.0,39600.0,10:45,401595498,8.7200,8.6900,8.7500,0.0424,0.9550,0.8900,1.0200,0.0919,2
38700.0,39600.0,10:45,41223305,9.0650,8.6100,9.5200,0.6435,0.1250,0.1200,0.1300,0.0071,2
38700.0,39600.0,10:45,41526718#0,9.3050,9.0900,9.5200,0.3041,0.1200,0.1200,0.1200,0.0000,2
38700.0,39600.0,10:45,41754609#0,11.3050,11.0800,11.5300,0.3182,0.2950,0.2900,0.3000,0.0071,2
38700.0,39600.0,10:45,41754609#1,11.4000,11.0600,11.7400,0.4808,0.1950,0.1900,0.2000,0.0071,2
38700.0,39600.0,10:45,427821329#1,8.4400,7.7500,9.1300,0.9758,0.1300,0.1200,0.1400,0.0141,2
38700.0,39600.0,10:45,427821329#2,8.4400,7.7500,9.1300,0.9758,0.1300,0.1200,0.1400,0.0141,2
38700.0,39600.0,10:45,429206409,8.8350,8.6400,9.0300,0.2758,1.1350,1.1100,1.1600,0.0354,2
38700.0,39600.0,10:45,449880197#0,8.5500,8.0600,9.0400,0.6930,0.2650,0.2500,0.2800,0.0212,2
38700.0,39600.0,10:45,449880200,11.1100,11.1100,11.1100,0.0000,0.1000,0.1000,0.1000,0.0000,2
38700.0,39600.0,10:45,450227283#1,8.7500,8.7000,8.8000,0.0707,0.7650,0.7600,0.7700,0.0071,2
38700.0,39600.0,10:45,450227283#2,8.8450,8.7900,8.9000,0.0778,0.8800,0.8700,0.8900,0.0141,2
38700.0,39600.0,10:45,451081200,12.3300,12.2100,12.4500,0.1697,0.5450,0.5400,0.5500,0.0071,2
38700.0,39600.0,10:45,452105746#0,9.3750,8.8600,9.8900,0.7283,0.1200,0.1100,0.1300,0.0141,2
38700.0,39600.0,10:45,452105746#1,9.3700,8.8500,9.8900,0.7354,0.1200,0.1100,0.1300,0.0141,2
38700.0,39600.0,10:45,452105747,8.8850,8.7000,9.0700,0.2616,0.3750,0.3700,0.3800,0.0071,2
38700.0,39600.0,10:45,455063592,13.7400,13.5900,13.8900,0.2121,0.0800,0.0800,0.0800,0.0000,2
38700.0,39600.0,10:45,455476281#0,8.5700,8.5400,8.6000,0.0424,0.6500,0.6500,0.6500,0.0000,2
38700.0,39600.0,10:45,455476281#1,8.6100,8.5900,8.6300,0.0283,0.7750,0.7700,0.7800,0.0071,2
38700.0,39600.0,10:45,456194040#0,13.8900,13.8900,13.8900,0.0000,0.0800,0.0800,0.0800,0.0000,2
38700.0,39600.0,10:45,456194040#3,13.8900,13.8900,13.8900,0.0000,0.0800,0.0800,0.0800,0.0000,2
38700.0,39600.0,10:45,456598077,11.1100,11.1100,11.1100,0.0000,0.1000,0.1000,0.1000,0.0000,2
38700.0,39600.0,10:45,4609278,12.8200,12.8200,12.8200,0.0000,0.2600,0.2600,0.2600,0.0000,2
38700.0,39600.0,10:45,461119575#0,10.9700,10.9700,10.9700,0.0000,0.1000,0.1000,0.1000,0.0000,2
38700.0,39600.0,10:45,461119575#1,11.1100,11.1100,11.1100,0.0000,0.1000,0.1000,0.1000,0.0000,2
38700.0,39600.0,10:45,461119575#3,11.1100,11.1100,11.1100,0.0000,0.1000,0.1000,0.1000,0.0000,2
38700.0,39600.0,10:45,461119579,12.3050,12.2200,12.3900,0.1202,0.3600,0.3600,0.3600,0.0000,2
38700.0,39600.0,10:45,4692270#2,8.5850,8.5300,8.6400,0.0778,0.5150,0.5100,0.5200,0.0071,2
38700.0,39600.0,10:45,4692270#3,8.5900,8.5300,8.6500,0.0849,0.5150,0.5100,0.5200,0.0071,2
38700.0,39600.0,10:45,4725794#1,11.6900,11.6900,11.6900,0.0000,0.1000,0.1000,0.1000,0.0000,1
38700.0,39600.0,10:45,4725927,13.4250,12.9600,13.8900,0.6576,0.0600,0.0600,0.0600,0.0000,2
38700.0,39600.0,10:45,4728900#1,9.5300,8.9500,10.1100,0.8202,0.2350,0.2200,0.2500,0.0212,2
38700.0,39600.0,10:45,538540588#0,9.3650,9.2200,9.5100,0.2051,0.1200,0.1200,0.1200,0.0000,2
38700.0,39600.0,10:45,538540588#1,9.3650,9.2200,9.5100,0.2051,0.1200,0.1200,0.1200,0.0000,2
38700.0,39600.0,10:45,538996580#0,9.2750,7.9500,10.6000,1.8738,0.1200,0.1000,0.1400,0.0283,2
38700.0,39600.0,10:45,592336476#0,13.8900,13.8900,13.8900,0.0000,0.0800,0.0800,0.0800,0.0000,2
38700.0,39600.0,10:45,592336476#2,13.8900,13.8900,13.8900,0.0000,0.0800,0.0800,0.0800,0.0000,2
38700.0,39600.0,10:45,609715705,9.3650,9.2200,9.5100,0.2051,0.1200,0.1200,0.1200,0.0000,2
38700.0,39600.0,10:45,645694987#1,9.9750,8.1700,11.7800,2.5527,0.1150,0.0900,0.1400,0.0354,2
38700.0,39600.0,10:45,645694987#2,9.9750,8.1700,11.7800,2.5527,0.1150,0.0900,0.1400,0.0354,2
38700.0,39600.0,10:45,650010534,12.1250,12.0300,12.2200,0.1344,0.3650,0.3600,0.3700,0.0071,2
38700.0,39600.0,10:45,661903030,8.7350,8.5500,8.9200,0.2616,0.8900,0.8700,0.9100,0.0283,2
38700.0,39600.0,10:45,670737514#0,9.1350,8.6700,9.6000,0.6576,0.1250,0.1200,0.1300,0.0071,2
38700.0,39600.0,10:45,673497910#1,9.1350,8.6700,9.6000,0.6576,0.1250,0.1200,0.1300,0.0071,2
38700.0,39600.0,10:45,68756019#0,11.4900,10.6700,12.3100,1.1597,0.1950,0.1800,0.2100,0.0212,2
38700.0,39600.0,10:45,68756019#1,12.2000,11.5800,12.8200,0.8768,0.2750,0.2600,0.2900,0.0212,2
38700.0,39600.0,10:45,68756019#3,12.2000,11.5800,12.8200,0.8768,0.2750,0.2600,0.2900,0.0212,2
38700.0,39600.0,10:45,68756023#1,12.5250,12.3700,12.6800,0.2192,0.2650,0.2600,0.2700,0.0071,2
38700.0,39600.0,10:45,68756043#0,12.1250,12.0300,12.2200,0.1344,0.3650,0.3600,0.3700,0.0071,2
38700.0,39600.0,10:45,68756043#1,12.1250,12.0300,12.2200,0.1344,0.3650,0.3600,0.3700,0.0071,2
38700.0,39600.0,10:45,68756056#0,11.6300,11.1900,12.0700,0.6223,0.4800,0.4600,0.5000,0.0283,2
38700.0,39600.0,10:45,68756056#1,11.6100,11.1900,12.0300,0.5940,0.4800,0.4600,0.5000,0.0283,2
38700.0,39600.0,10:45,68756056#2,11.6350,11.1900,12.0800,0.6293,0.4800,0.4600,0.5000,0.0283,2
38700.0,39600.0,10:45,68756056#4,11.4750,10.9200,12.0300,0.7849,0.3900,0.3700,0.4100,0.0283,2
38700.0,39600.0,10:45,68756101,13.5600,13.3300,13.7900,0.3253,0.1650,0.1600,0.1700,0.0071,2
38700.0,39600.0,10:45,694151967#0,8.4400,7.7500,9.1300,0.9758,0.1300,0.1200,0.1400,0.0141,2
38700.0,39600.0,10:45,694151967#1,8.4400,7.7500,9.1300,0.9758,0.1300,0.1200,0.1400,0.0141,2
38700.0,39600.0,10:45,694151967#2,8.4400,7.7500,9.1300,0.9758,0.1300,0.1200,0.1400,0.0141,2
38700.0,39600.0,10:45,694151967#4,8.7450,8.6200,8.8700,0.1768,0.3850,0.3800,0.3900,0.0071,2
38700.0,39600.0,10:45,694151967#5,8.7450,8.6200,8.8700,0.1768,0.3850,0.3800,0.3900,0.0071,2
38700.0,39600.0,10:45,717611302,12.1450,11.9400,12.3500,0.2899,0.1850,0.1800,0.1900,0.0071,2
38700.0,39600.0,10:45,717611307#0,12.1400,11.9400,12.3400,0.2828,0.1850,0.1800,0.1900,0.0071,2
38700.0,39600.0,10:45,717611307#1,12.3100,12.1200,12.5000,0.2687,0.1800,0.1800,0.1800,0.0000,2
38700.0,39600.0,10:45,723584180#0,8.4500,8.3300,8.5700,0.1697,0.3950,0.3900,0.4000,0.0071,2
38700.0,39600.0,10:45,723584180#1,8.4500,8.3300,8.5700,0.1697,0.3950,0.3900,0.4000,0.0071,2
38700.0,39600.0,10:45,729244957#1,12.1900,10.4900,13.8900,2.4042,0.0950,0.0800,0.1100,0.0212,2
38700.0,39600.0,10:45,775996047#0,8.4400,7.7500,9.1300,0.9758,0.1300,0.1200,0.1400,0.0141,2
38700.0,39600.0,10:45,775996047#1,8.4400,7.7500,9.1300,0.9758,0.1300,0.1200,0.1400,0.0141,2
38700.0,39600.0,10:45,775996047#3,8.3900,7.6900,9.0900,0.9899,0.1300,0.1200,0.1400,0.0141,2
38700.0,39600.0,10:45,775996047#4,8.4400,7.7500,9.1300,0.9758,0.1300,0.1200,0.1400,0.0141,2
38700.0,39600.0,10:45,775996047#5,8.4400,7.7500,9.1300,0.9758,0.1300,0.1200,0.1400,0.0141,2
38700.0,39600.0,10:45,79630980#1,9.2800,7.9500,10.6100,1.8809,0.1200,0.1000,0.1400,0.0283,2
38700.0,39600.0,10:45,79630980#2,9.2700,7.9500,10.5900,1.8668,0.1200,0.1000,0.1400,0.0283,2
38700.0,39600.0,10:45,79630980#3,9.2750,7.9500,10.6000,1.8738,0.1200,0.1000,0.1400,0.0283,2
38700.0,39600.0,10:45,79633751,9.2500,7.9300,10.5700,1.8668,0.1250,0.1100,0.1400,0.0212,2
38700.0,39600.0,10:45,79633771#0,8.7350,8.5500,8.9200,0.2616,0.8900,0.8700,0.9100,0.0283,2
38700.0,39600.0,10:45,79633771#2,8.7350,8.5500,8.9200,0.2616,0.8900,0.8700,0.9100,0.0283,2
38700.0,39600.0,10:45,817325560,9.1350,8.6700,9.6000,0.6576,0.1250,0.1200,0.1300,0.0071,2
38700.0,39600.0,10:45,830416769,12.3100,12.1200,12.5000,0.2687,0.1800,0.1800,0.1800,0.0000,2
38700.0,39600.0,10:45,83207316,12.0950,11.6600,12.5300,0.6152,0.2800,0.2700,0.2900,0.0141,2
38700.0,39600.0,10:45,837865886#0,8.4850,8.3400,8.6300,0.2051,0.1300,0.1300,0.1300,0.0000,2
38700.0,39600.0,10:45,837865886#1,8.4850,8.3400,8.6300,0.2051,0.1300,0.1300,0.1300,0.0000,2
38700.0,39600.0,10:45,858813354#0,13.3900,13.1200,13.6600,0.3818,0.1650,0.1600,0.1700,0.0071,2
38700.0,39600.0,10:45,883193661#0,13.5700,13.3600,13.7800,0.2970,0.0800,0.0800,0.0800,0.0000,2
38700.0,39600.0,10:45,887871736#0,12.3350,12.2200,12.4500,0.1626,0.5450,0.5400,0.5500,0.0071,2
38700.0,39600.0,10:45,887871736#1,12.3500,12.2300,12.4700,0.1697,0.5400,0.5300,0.5500,0.0141,2
38700.0,39600.0,10:45,912997280,9.5300,8.9500,10.1100,0.8202,0.2350,0.2200,0.2500,0.0212,2
38700.0,39600.0,10:45,913001041,12.8200,12.8200,12.8200,0.0000,0.2600,0.2600,0.2600,0.0000,2
38700.0,39600.0,10:45,913008650,12.2650,11.7600,12.7700,0.7142,0.2700,0.2600,0.2800,0.0141,2
38700.0,39600.0,10:45,926028935#0,8.7650,8.6100,8.9200,0.2192,1.0150,1.0000,1.0300,0.0212,2
38700.0,39600.0,10:45,94511068#0,9.0650,8.6100,9.5200,0.6435,0.1250,0.1200,0.1300,0.0071,2
38700.0,39600.0,10:45,94511068#1,9.0650,8.6100,9.5200,0.6435,0.1250,0.1200,0.1300,0.0071,2
38700.0,39600.0,10:45,953082529#1,12.1850,10.4800,13.8900,2.4112,0.0950,0.0800,0.1100,0.0212,2
38700.0,39600.0,10:45,953082529#2,12.1450,10.0000,14.2900,3.0335,0.0950,0.0800,0.1100,0.0212,2
38700.0,39600.0,10:45,953082529#3,12.1900,10.4900,13.8900,2.4042,0.0950,0.0800,0.1100,0.0212,2
38700.0,39600.0,10:45,956982233#1,8.6100,8.5900,8.6300,0.0283,0.7750,0.7700,0.7800,0.0071,2
38700.0,39600.0,10:45,985837487,13.8900,13.8900,13.8900,0.0000,0.0800,0.0800,0.0800,0.0000,2
39600.0,40500.0,11:00,-1025366406,9.1450,9.0100,9.2800,0.1909,0.1200,0.1200,0.1200,0.0000,2
39600.0,40500.0,11:00,-1026085894#0,9.3150,9.0400,9.5900,0.3889,0.1200,0.1200,0.1200,0.0000,2
39600.0,40500.0,11:00,-1026085894#1,9.3200,9.0400,9.6000,0.3960,0.1200,0.1200,0.1200,0.0000,2
39600.0,40500.0,11:00,-1026085894#2,9.3150,9.0400,9.5900,0.3889,0.1200,0.1200,0.1200,0.0000,2
39600.0,40500.0,11:00,-1026845806,13.4100,12.9300,13.8900,0.6788,0.0500,0.0200,0.0800,0.0424,2
39600.0,40500.0,11:00,-1033369174,9.1200,8.6200,9.6200,0.7071,0.1250,0.1200,0.1300,0.0071,2
39600.0,40500.0,11:00,-1033369176#0,8.9250,8.1500,9.7000,1.0960,0.2500,0.2300,0.2700,0.0283,2
39600.0,40500.0,11:00,-1053066061#2,9.2400,8.4500,10.0300,1.1172,0.1200,0.1100,0.1300,0.0141,2
39600.0,40500.0,11:00,-1053066068#1,9.2400,8.4500,10.0300,1.1172,0.1200,0.1100,0.1300,0.0141,2
39600.0,40500.0,11:00,-1053066068#3,9.2450,8.4500,10.0400,1.1243,0.1200,0.1100,0.1300,0.0141,2
39600.0,40500.0,11:00,-1053066068#4,9.2000,8.4000,10.0000,1.1314,0.1200,0.1100,0.1300,0.0141,2
39600.0,40500.0,11:00,-1053979184#1,13.9000,13.9000,13.9000,0.0000,0.0800,0.0800,0.0800,0.0000,2
39600.0,40500.0,11:00,-1053979387,13.8900,13.8900,13.8900,0.0000,0.0800,0.0800,0.0800,0.0000,2
39600.0,40500.0,11:00,-1053979388#1,9.3200,9.0400,9.6000,0.3960,0.1200,0.1200,0.1200,0.0000,2
39600.0,40500.0,11:00,-1054418205,9.1150,9.1100,9.1200,0.0071,0.6600,0.6100,0.7100,0.0707,2
39600.0,40500.0,11:00,-11022533#0,9.1100,9.1100,9.1100,0.0000,0.6700,0.6100,0.7300,0.0849,2
39600.0,40500.0,11:00,-11022533#2,9.1050,9.1000,9.1100,0.0071,0.6700,0.6100,0.7300,0.0849,2
39600.0,40500.0,11:00,-1112393351,12.1350,11.9300,12.3400,0.2899,0.1850,0.1800,0.1900,0.0071,2
39600.0,40500.0,11:00,-1294734838#0,8.8450,7.6900,10.0000,1.6334,0.1250,0.1100,0.1400,0.0212,2
39600.0,40500.0,11:00,-1301164218#0,9.8450,9.0600,10.6300,1.1102,0.1100,0.1000,0.1200,0.0141,2
39600.0,40500.0,11:00,-1301164218#3,9.8450,9.0600,10.6300,1.1102,0.1100,0.1000,0.1200,0.0141,2
39600.0,40500.0,11:00,-1301164219,9.8400,9.0600,10.6200,1.1031,0.1100,0.1000,0.1200,0.0141,2
39600.0,40500.0,11:00,-1305563481#1,9.1200,8.6200,9.6200,0.7071,0.1250,0.1200,0.1300,0.0071,2
39600.0,40500.0,11:00,-1305563481#2,9.1100,8.6100,9.6100,0.7071,0.1250,0.1200,0.1300,0.0071,2
39600.0,40500.0,11:00,-1305563481#3,9.1050,8.6000,9.6100,0.7142,0.1250,0.1200,0.1300,0.0071,2
39600.0,40500.0,11:00,-1305563481#5,9.1150,8.6200,9.6100,0.7000,0.1250,0.1200,0.1300,0.0071,2
39600.0,40500.0,11:00,-1315301900#2,9.2400,8.4500,10.0300,1.1172,0.1200,0.1100,0.1300,0.0141,2
39600.0,40500.0,11:00,-134063977#1,13.8800,13.8800,13.8800,0.0000,0.0800,0.0800,0.0800,0.0000,2
39600.0,40500.0,11:00,-134818130#0,13.5050,13.1200,13.8900,0.5445,0.0800,0.0800,0.0800,0.0000,2
39600.0,40500.0,11:00,-134818130#1,13.5100,13.1300,13.8900,0.5374,0.0800,0.0800,0.0800,0.0000,2
39600.0,40500.0,11:00,-16312517,11.1100,11.1100,11.1100,0.0000,0.1000,0.1000,0.1000,0.0000,2
39600.0,40500.0,11:00,-230819128,13.3900,12.8900,13.8900,0.7071,0.1650,0.1600,0.1700,0.0071,2
39600.0,40500.0,11:00,-230820329#0,9.1200,8.6200,9.6200,0.7071,0.1250,0.1200,0.1300,0.0071,2
39600.0,40500.0,11:00,-230820329#1,9.1200,8.6200,9.6200,0.7071,0.1250,0.1200,0.1300,0.0071,2
39600.0,40500.0,11:00,-230820329#3,9.1200,8.6200,9.6200,0.7071,0.1250,0.1200,0.1300,0.0071,2
39600.0,40500.0,11:00,-236455763#2,8.9700,8.9200,9.0200,0.0707,0.3700,0.3700,0.3700,0.0000,2
39600.0,40500.0,11:00,-2535038#3,13.8900,13.8900,13.8900,0.0000,0.1600,0.1600,0.1600,0.0000,2
39600.0,40500.0,11:00,-2535038#4,13.8200,13.8200,13.8200,0.0000,0.1600,0.1600,0.1600,0.0000,2
39600.0,40500.0,11:00,-2535039#2,9.3150,8.6700,9.9600,0.9122,0.2050,0.1500,0.2600,0.0778,2
39600.0,40500.0,11:00,-2535350#1,9.3900,9.2000,9.5800,0.2687,0.2350,0.2300,0.2400,0.0071,2
39600.0,40500.0,11:00,-2535382#0,9.2400,8.4500,10.0300,1.1172,0.1200,0.1100,0.1300,0.0141,2
39600.0,40500.0,11:00,-2535383#0,14.7100,14.7100,14.7100,0.0000,0.2300,0.2300,0.2300,0.0000,2
39600.0,40500.0,11:00,-2535383#1,15.0000,15.0000,15.0000,0.0000,0.2200,0.2200,0.2200,0.0000,2
39600.0,40500.0,11:00,-2535383#2,14.7100,14.7100,14.7100,0.0000,0.2300,0.2300,0.2300,0.0000,2
39600.0,40500.0,11:00,-2535383#4,15.1500,15.1500,15.1500,0.0000,0.1500,0.1500,0.1500,0.0000,2
39600.0,40500.0,11:00,-2535383#5,16.6700,16.6700,16.6700,0.0000,0.0700,0.0700,0.0700,0.0000,2
39600.0,40500.0,11:00,-2543332#0,8.7700,8.7100,8.8300,0.0849,0.1300,0.1300,0.1300,0.0000,2
39600.0,40500.0,11:00,-2543332#1,8.7700,8.7100,8.8300,0.0849,0.1300,0.1300,0.1300,0.0000,2
39600.0,40500.0,11:00,-2543332#4,8.7700,8.7100,8.8300,0.0849,0.1300,0.1300,0.1300,0.0000,2
39600.0,40500.0,11:00,-30278393#0,8.6200,8.0900,9.1500,0.7495,0.1300,0.1200,0.1400,0.0141,2
39600.0,40500.0,11:00,-30278393#1,8.6200,8.0900,9.1500,0.7495,0.1300,0.1200,0.1400,0.0141,2
39600.0,40500.0,11:00,-344669635,13.5150,13.2200,13.8100,0.4172,0.0800,0.0800,0.0800,0.0000,2
39600.0,40500.0,11:00,-361257028#0,8.7700,8.7100,8.8300,0.0849,0.1300,0.1300,0.1300,0.0000,2
39600.0,40500.0,11:00,-380310114#0,8.7550,8.2400,9.2700,0.7283,0.2550,0.2400,0.2700,0.0212,2
39600.0,40500.0,11:00,-380310114#3,8.7550,8.2400,9.2700,0.7283,0.2550,0.2400,0.2700,0.0212,2
39600.0,40500.0,11:00,-38101989#0,13.9000,13.9000,13.9000,0.0000,0.0800,0.0800,0.0800,0.0000,2
39600.0,40500.0,11:00,-38101989#1,13.9000,13.9000,13.9000,0.0000,0.0800,0.0800,0.0800,0.0000,2
39600.0,40500.0,11:00,-38101989#2,13.9000,13.9000,13.9000,0.0000,0.0800,0.0800,0.0800,0.0000,2
39600.0,40500.0,11:00,-38101989#3,13.8900,13.8900,13.8900,0.0000,0.0800,0.0800,0.0800,0.0000,2
39600.0,40500.0,11:00,-383327664#1,8.9700,8.9200,9.0200,0.0707,0.3700,0.3700,0.3700,0.0000,2
39600.0,40500.0,11:00,-383327664#3,8.9700,8.9200,9.0200,0.0707,0.3700,0.3700,0.3700,0.0000,2
39600.0,40500.0,11:00,-384828057#1,9.1150,9.1000,9.1300,0.0212,0.4900,0.4900,0.4900,0.0000,2
39600.0,40500.0,11:00,-400886685#1,8.8150,8.8100,8.8200,0.0071,0.1300,0.1300,0.1300,0.0000,2
39600.0,40500.0,11:00,-400886689#0,8.7000,8.5100,8.8900,0.2687,0.1300,0.1300,0.1300,0.0000,2
39600.0,40500.0,11:00,-400886691#0,8.7000,8.5100,8.8900,0.2687,0.1300,0.1300,0.1300,0.0000,2
39600.0,40500.0,11:00,-429206409,8.9700,8.9200,9.0200,0.0707,0.3700,0.3700,0.3700,0.0000,2
39600.0,40500.0,11:00,-449880197#1,8.9550,8.7100,9.2000,0.3465,0.2500,0.2400,0.2600,0.0141,2
39600.0,40500.0,11:00,-450227283#1,8.7100,8.5500,8.8700,0.2263,0.1300,0.1300,0.1300,0.0000,2
39600.0,40500.0,11:00,-452105747,8.9400,8.3400,9.5400,0.8485,0.1250,0.1200,0.1300,0.0071,2
39600.0,40500.0,11:00,-455063592,13.4100,12.9300,13.8900,0.6788,0.0850,0.0800,0.0900,0.0071,2
39600.0,40500.0,11:00,-4652433,13.7200,13.5500,13.8900,0.2404,0.0800,0.0800,0.0800,0.0000,2
39600.0,40500.0,11:00,-661903030,9.1500,9.1100,9.1900,0.0566,0.6050,0.6000,0.6100,0.0071,2
39600.0,40500.0,11:00,-670737514#1,9.1200,8.6200,9.6200,0.7071,0.1250,0.1200,0.1300,0.0071,2
39600.0,40500.0,11:00,-681388530#0,13.7200,13.5500,13.8900,0.2404,0.0800,0.0800,0.0800,0.0000,2
39600.0,40500.0,11:00,-681388530#1,13.7250,13.5600,13.8900,0.2333,0.0800,0.0800,0.0800,0.0000,2
39600.0,40500.0,11:00,-68756016#1,9.8400,9.0600,10.6200,1.1031,0.1100,0.1000,0.1200,0.0141,2
39600.0,40500.0,11:00,-68756016#2,9.8500,9.0700,10.6300,1.1031,0.1100,0.1000,0.1200,0.0141,2
39600.0,40500.0,11:00,-68756016#3,9.8400,9.0500,10.6300,1.1172,0.1100,0.1000,0.1200,0.0141,2
39600.0,40500.0,11:00,-692881756#0,9.1200,8.6200,9.6200,0.7071,0.1250,0.1200,0.1300,0.0071,2
39600.0,40500.0,11:00,-775996047#0,9.3200,9.0400,9.6000,0.3960,0.1200,0.1200,0.1200,0.0000,2
39600.0,40500.0,11:00,-775996047#1,9.3200,9.0400,9.6000,0.3960,0.1200,0.1200,0.1200,0.0000,2
39600.0,40500.0,11:00,-775996047#3,9.3050,9.0900,9.5200,0.3041,0.1200,0.1200,0.1200,0.0000,2
39600.0,40500.0,11:00,-775996047#4,9.3200,9.0400,9.6000,0.3960,0.1200,0.1200,0.1200,0.0000,2
39600.0,40500.0,11:00,-775996047#5,9.3150,9.0400,9.5900,0.3889,0.1200,0.1200,0.1200,0.0000,2
39600.0,40500.0,11:00,-779932972#0,12.7550,11.6100,13.9000,1.6193,0.0900,0.0800,0.1000,0.0141,2
39600.0,40500.0,11:00,-779932972#1,12.7450,11.6000,13.8900,1.6193,0.0900,0.0800,0.1000,0.0141,2
39600.0,40500.0,11:00,-79633771#1,9.1500,9.1100,9.1900,0.0566,0.6050,0.6000,0.6100,0.0071,2
39600.0,40500.0,11:00,-79633771#2,9.1500,9.1100,9.1900,0.0566,0.6050,0.6000,0.6100,0.0071,2
39600.0,40500.0,11:00,-817325560,9.1200,8.6200,9.6200,0.7071,0.1250,0.1200,0.1300,0.0071,2
39600.0,40500.0,11:00,-83207313#2,13.7200,13.5500,13.8900,0.2404,0.0800,0.0800,0.0800,0.0000,2
39600.0,40500.0,11:00,-926028935#1,9.1500,9.1100,9.1900,0.0566,0.6050,0.6000,0.6100,0.0071,2
39600.0,40500.0,11:00,-928691979#0,13.8900,13.8900,13.8900,0.0000,0.0800,0.0800,0.0800,0.0000,2
39600.0,40500.0,11:00,-988616601#0,13.5100,13.1300,13.8900,0.5374,0.0800,0.0800,0.0800,0.0000,2
39600.0,40500.0,11:00,-988616601#1,13.5250,13.1200,13.9300,0.5728,0.0800,0.0800,0.0800,0.0000,2
39600.0,40500.0,11:00,-990834100,9.3700,9.0700,9.6700,0.4243,0.2350,0.2300,0.2400,0.0071,2
39600.0,40500.0,11:00,1026085894#0,9.3200,9.0400,9.6000,0.3960,0.1200,0.1200,0.1200,0.0000,2
39600.0,40500.0,11:00,1026085894#1,9.3200,9.0400,9.6000,0.3960,0.1200,0.1200,0.1200,0.0000,2
39600.0,40500.0,11:00,1026085894#2,9.3150,9.0400,9.5900,0.3889,0.1200,0.1200,0.1200,0.0000,2
39600.0,40500.0,11:00,1026845806,13.5150,13.2200,13.8100,0.4172,0.0800,0.0800,0.0800,0.0000,2
39600.0,40500.0,11:00,1033369176#1,8.7500,7.7300,9.7700,1.4425,0.1250,0.1100,0.1400,0.0212,2
39600.0,40500.0,11:00,104288999,9.3000,9.1000,9.5000,0.2828,0.2350,0.2300,0.2400,0.0071,2
39600.0,40500.0,11:00,1053066061#1,9.8400,9.0600,10.6200,1.1031,0.1100,0.1000,0.1200,0.0141,2
39600.0,40500.0,11:00,1053066062,9.8400,9.0600,10.6200,1.1031,0.1100,0.1000,0.1200,0.0141,2
39600.0,40500.0,11:00,1053979387,13.8900,13.8900,13.8900,0.0000,0.0800,0.0800,0.0800,0.0000,2
39600.0,40500.0,11:00,1053979388#0,9.3200,9.0400,9.6000,0.3960,0.1200,0.1200,0.1200,0.0000,2
39600.0,40500.0,11:00,1053979388#2,9.3150,9.0400,9.5900,0.3889,0.1200,0.1200,0.1200,0.0000,2
39600.0,40500.0,11:00,1054418205,9.4200,8.6700,10.1700,1.0607,0.2400,0.2200,0.2600,0.0283,2
39600.0,40500.0,11:00,1058344629,12.9850,12.2900,13.6800,0.9829,0.2550,0.2400,0.2700,0.0212,2
39600.0,40500.0,11:00,1058344630,13.8100,13.3300,14.2900,0.6788,0.0800,0.0800,0.0800,0.0000,2
39600.0,40500.0,11:00,1058647170,9.4200,8.6700,10.1700,1.0607,0.2400,0.2200,0.2600,0.0283,2
39600.0,40500.0,11:00,1058647171#0,9.0400,8.3200,9.7600,1.0182,0.1200,0.1100,0.1300,0.0141,2
39600.0,40500.0,11:00,11018592,9.4650,9.2600,9.6700,0.2899,0.0850,0.0800,0.0900,0.0071,2
39600.0,40500.0,11:00,11018597#0,13.5150,13.2200,13.8100,0.4172,0.0800,0.0800,0.0800,0.0000,2
39600.0,40500.0,11:00,11018597#1,13.1600,13.1000,13.2200,0.0849,0.1200,0.0800,0.1600,0.0566,2
39600.0,40500.0,11:00,11022533#0,9.4200,8.6600,10.1800,1.0748,0.2400,0.2200,0.2600,0.0283,2
39600.0,40500.0,11:00,11022533#1,9.4250,8.6800,10.1700,1.0536,0.2400,0.2200,0.2600,0.0283,2
39600.0,40500.0,11:00,1149713177#0,8.6200,8.0900,9.1500,0.7495,0.1300,0.1200,0.1400,0.0141,2
39600.0,40500.0,11:00,1149713177#1,8.6200,8.0900,9.1500,0.7495,0.1300,0.1200,0.1400,0.0141,2
39600.0,40500.0,11:00,1177239772#0,11.1100,11.1100,11.1100,0.0000,0.1000,0.1000,0.1000,0.0000,2
39600.0,40500.0,11:00,1220287665,13.1500,13.0600,13.2400,0.1273,0.0850,0.0800,0.0900,0.0071,2
39600.0,40500.0,11:00,1294734838#0,8.8450,7.6900,10.0000,1.6334,0.1250,0.1100,0.1400,0.0212,2
39600.0,40500.0,11:00,1294734838#1,8.7500,7.7300,9.7700,1.4425,0.1250,0.1100,0.1400,0.0212,2
39600.0,40500.0,11:00,1305563481#0,9.1200,8.6200,9.6200,0.7071,0.1250,0.1200,0.1300,0.0071,2
39600.0,40500.0,11:00,1305563481#2,9.1150,8.6200,9.6100,0.7000,0.1250,0.1200,0.1300,0.0071,2
39600.0,40500.0,11:00,1305563481#3,9.1050,8.6000,9.6100,0.7142,0.1250,0.1200,0.1300,0.0071,2
39600.0,40500.0,11:00,1305563481#4,9.1200,8.6200,9.6200,0.7071,0.1250,0.1200,0.1300,0.0071,2
39600.0,40500.0,11:00,1315301899#0,12.8500,12.1100,13.5900,1.0465,0.1700,0.1600,0.1800,0.0141,2
39600.0,40500.0,11:00,134063971,9.4250,8.6800,10.1700,1.0536,0.2400,0.2200,0.2600,0.0283,2
39600.0,40500.0,11:00,134063977#0,13.9000,13.9000,13.9000,0.0000,0.0800,0.0800,0.0800,0.0000,2
39600.0,40500.0,11:00,134063977#2,13.8900,13.8900,13.8900,0.0000,0.0800,0.0800,0.0800,0.0000,2
39600.0,40500.0,11:00,134136443,8.7700,8.7100,8.8300,0.0849,0.1300,0.1300,0.1300,0.0000,2
39600.0,40500.0,11:00,134411713#0,9.4250,8.6800,10.1700,1.0536,0.2400,0.2200,0.2600,0.0283,2
39600.0,40500.0,11:00,134411713#2,9.4250,8.6800,10.1700,1.0536,0.2400,0.2200,0.2600,0.0283,2
39600.0,40500.0,11:00,134818126#0,13.5050,13.1300,13.8800,0.5303,0.0800,0.0800,0.0800,0.0000,2
39600.0,40500.0,11:00,134818126#1,13.5100,13.1300,13.8900,0.5374,0.0550,0.0300,0.0800,0.0354,2
39600.0,40500.0,11:00,1361717374#2,9.4200,8.6800,10.1600,1.0465,0.2400,0.2200,0.2600,0.0283,2
39600.0,40500.0,11:00,1364018960,13.2300,13.2300,13.2300,0.0000,0.0800,0.0800,0.0800,0.0000,2
39600.0,40500.0,11:00,13715475#0,8.8350,8.7700,8.9000,0.0919,0.2500,0.2500,0.2500,0.0000,2
39600.0,40500.0,11:00,137355170,7.4700,7.2200,7.7200,0.3536,0.0800,0.0800,0.0800,0.0000,2
39600.0,40500.0,11:00,1386311778#1,13.8900,13.8900,13.8900,0.0000,0.0800,0.0800,0.0800,0.0000,2
39600.0,40500.0,11:00,1386311779#0,13.8900,13.8900,13.8900,0.0000,0.0800,0.0800,0.0800,0.0000,2
39600.0,40500.0,11:00,1386311780#1,13.8900,13.8900,13.8900,0.0000,0.0800,0.0800,0.0800,0.0000,2
39600.0,40500.0,11:00,1386311787#0,13.8900,13.8900,13.8900,0.0000,0.0800,0.0800,0.0800,0.0000,2
39600.0,40500.0,11:00,1386311787#1,13.8900,13.8900,13.8900,0.0000,0.0800,0.0800,0.0800,0.0000,2
39600.0,40500.0,11:00,1386311788,13.8900,13.8900,13.8900,0.0000,0.0800,0.0800,0.0800,0.0000,2
39600.0,40500.0,11:00,1386311796#1,13.8900,13.8900,13.8900,0.0000,0.0800,0.0800,0.0800,0.0000,2
39600.0,40500.0,11:00,1424789401#0,8.7550,8.4400,9.0700,0.4455,0.2550,0.2500,0.2600,0.0071,2
39600.0,40500.0,11:00,1424789401#1,8.7500,8.4400,9.0600,0.4384,0.2550,0.2500,0.2600,0.0071,2
39600.0,40500.0,11:00,1424789402,8.7100,8.3300,9.0900,0.5374,0.2550,0.2400,0.2700,0.0212,2
39600.0,40500.0,11:00,1424789403#0,8.9950,8.2100,9.7800,1.1102,0.3750,0.3400,0.4100,0.0495,2
39600.0,40500.0,11:00,1424789403#1,8.8700,8.0900,9.6500,1.1031,0.2500,0.2300,0.2700,0.0283,2
39600.0,40500.0,11:00,14306575,12.0500,12.0100,12.0900,0.0566,0.1850,0.1800,0.1900,0.0071,2
39600.0,40500.0,11:00,146605605#0,9.1350,8.6700,9.6000,0.6576,0.1150,0.1000,0.1300,0.0212,2
39600.0,40500.0,11:00,146605605#2,9.1350,8.6700,9.6000,0.6576,0.1250,0.1200,0.1300,0.0071,2
39600.0,40500.0,11:00,161182809,9.4250,8.6800,10.1700,1.0536,0.2400,0.2200,0.2600,0.0283,2
39600.0,40500.0,11:00,16312517,11.1100,11.1100,11.1100,0.0000,0.1000,0.1000,0.1000,0.0000,2
39600.0,40500.0,11:00,17242098#0,13.2350,12.5800,13.8900,0.9263,0.0850,0.0800,0.0900,0.0071,2
39600.0,40500.0,11:00,180313997,13.2350,12.5800,13.8900,0.9263,0.0850,0.0800,0.0900,0.0071,2
39600.0,40500.0,11:00,193230709#0,8.5150,8.3300,8.7000,0.2616,0.1300,0.1300,0.1300,0.0000,2
39600.0,40500.0,11:00,193230709#1,8.7000,8.5100,8.8900,0.2687,0.1300,0.1300,0.1300,0.0000,2
39600.0,40500.0,11:00,230819128,13.3900,12.8900,13.8900,0.7071,0.1650,0.1600,0.1700,0.0071,2
39600.0,40500.0,11:00,230834256#0,9.0400,8.3200,9.7600,1.0182,0.1200,0.1100,0.1300,0.0141,2
39600.0,40500.0,11:00,230834256#1,9.0350,8.3200,9.7500,1.0112,0.1200,0.1100,0.1300,0.0141,2
39600.0,40500.0,11:00,230838772#1,8.9000,8.8200,8.9800,0.1131,0.1250,0.1200,0.1300,0.0071,2
39600.0,40500.0,11:00,236455763#1,9.0750,8.7800,9.3700,0.4172,0.2450,0.2400,0.2500,0.0071,2
39600.0,40500.0,11:00,2534525#0,9.5200,9.5200,9.5200,0.0000,0.1200,0.1200,0.1200,0.0000,1
39600.0,40500.0,11:00,2534525#1,9.7600,9.7600,9.7600,0.0000,0.1100,0.1100,0.1100,0.0000,1
39600.0,40500.0,11:00,2535004#0,13.8100,13.3300,14.2900,0.6788,0.0800,0.0800,0.0800,0.0000,2
39600.0,40500.0,11:00,2535004#1,13.7350,13.5700,13.9000,0.2333,0.0800,0.0800,0.0800,0.0000,2
39600.0,40500.0,11:00,2535038#0,13.8900,13.8900,13.8900,0.0000,0.1600,0.1600,0.1600,0.0000,2
39600.0,40500.0,11:00,2535038#1,13.8900,13.8900,13.8900,0.0000,0.1600,0.1600,0.1600,0.0000,2
39600.0,40500.0,11:00,2535038#2,13.8900,13.8900,13.8900,0.0000,0.1600,0.1600,0.1600,0.0000,2
39600.0,40500.0,11:00,2535038#4,13.8200,13.8200,13.8200,0.0000,0.1600,0.1600,0.1600,0.0000,2
39600.0,40500.0,11:00,2535039#0,9.1500,9.1100,9.1900,0.0566,0.6050,0.6000,0.6100,0.0071,2
39600.0,40500.0,11:00,2535115#0,8.8400,8.5800,9.1000,0.3677,0.2500,0.2400,0.2600,0.0141,2
39600.0,40500.0,11:00,2535350#1,9.6000,9.2000,10.0000,0.5657,0.1150,0.1100,0.1200,0.0071,2
39600.0,40500.0,11:00,2535350#2,9.3700,9.0700,9.6700,0.4243,0.2350,0.2300,0.2400,0.0071,2
39600.0,40500.0,11:00,2535381#0,9.1650,9.0900,9.2400,0.1061,0.4850,0.4800,0.4900,0.0071,2
39600.0,40500.0,11:00,2535383#1,14.2900,14.2900,14.2900,0.0000,0.0800,0.0800,0.0800,0.0000,2
39600.0,40500.0,11:00,2535383#2,13.8900,13.8900,13.8900,0.0000,0.0800,0.0800,0.0800,0.0000,2
39600.0,40500.0,11:00,2535384#0,9.0400,8.3200,9.7600,1.0182,0.1200,0.1100,0.1300,0.0141,2
39600.0,40500.0,11:00,2541944#2,9.1500,9.1100,9.1900,0.0566,0.6050,0.6000,0.6100,0.0071,2
39600.0,40500.0,11:00,2541944#3,9.1500,9.1100,9.1900,0.0566,0.6050,0.6000,0.6100,0.0071,2
39600.0,40500.0,11:00,2541944#5,9.1500,9.1100,9.1900,0.0566,0.6050,0.6000,0.6100,0.0071,2
39600.0,40500.0,11:00,2541944#6,9.1500,9.1100,9.1900,0.0566,0.6050,0.6000,0.6100,0.0071,2
39600.0,40500.0,11:00,2541944#7,9.1500,9.1100,9.1900,0.0566,0.6050,0.6000,0.6100,0.0071,2
39600.0,40500.0,11:00,2541944#8,9.1500,9.1100,9.1900,0.0566,0.6050,0.6000,0.6100,0.0071,2
39600.0,40500.0,11:00,2541944#9,9.1500,9.1000,9.2000,0.0707,0.6050,0.6000,0.6100,0.0071,2
39600.0,40500.0,11:00,2543332#0,9.4650,9.2600,9.6700,0.2899,0.1150,0.1100,0.1200,0.0071,2
39600.0,40500.0,11:00,2543332#1,9.4650,9.2600,9.6700,0.2899,0.1150,0.1100,0.1200,0.0071,2
39600.0,40500.0,11:00,2543333,13.4100,12.9300,13.8900,0.6788,0.0850,0.0800,0.0900,0.0071,2
39600.0,40500.0,11:00,2544438#2,11.1100,11.1100,11.1100,0.0000,0.1000,0.1000,0.1000,0.0000,2
39600.0,40500.0,11:00,2544438#4,11.1100,11.1100,11.1100,0.0000,0.1000,0.1000,0.1000,0.0000,2
39600.0,40500.0,11:00,2544438#5,11.1100,11.1100,11.1100,0.0000,0.1000,0.1000,0.1000,0.0000,2
39600.0,40500.0,11:00,2544465#1,8.6200,8.0900,9.1500,0.7495,0.1300,0.1200,0.1400,0.0141,2
39600.0,40500.0,11:00,2570429#0,9.6350,9.4600,9.8100,0.2475,0.2300,0.2300,0.2300,0.0000,2
39600.0,40500.0,11:00,2570429#1,9.3850,9.1400,9.6300,0.3465,0.1200,0.1200,0.1200,0.0000,2
39600.0,40500.0,11:00,2570429#2,9.3050,9.0900,9.5200,0.3041,0.1200,0.1200,0.1200,0.0000,2
39600.0,40500.0,11:00,2570429#3,9.3800,9.1400,9.6200,0.3394,0.1200,0.1200,0.1200,0.0000,2
39600.0,40500.0,11:00,258625107#0,8.7500,8.4400,9.0600,0.4384,0.2550,0.2500,0.2600,0.0071,2
39600.0,40500.0,11:00,258625107#1,8.7500,8.4400,9.0600,0.4384,0.2550,0.2500,0.2600,0.0071,2
39600.0,40500.0,11:00,258625107#2,8.7500,8.4400,9.0600,0.4384,0.2550,0.2500,0.2600,0.0071,2
39600.0,40500.0,11:00,30278393#0,9.3800,9.1400,9.6200,0.3394,0.1200,0.1200,0.1200,0.0000,2
39600.0,40500.0,11:00,30278393#1,8.9150,8.9000,8.9300,0.0212,0.3000,0.2500,0.3500,0.0707,2
39600.0,40500.0,11:00,31992852#0,8.7500,8.4400,9.0600,0.4384,0.2550,0.2500,0.2600,0.0071,2
39600.0,40500.0,11:00,31992852#1,8.7500,8.4400,9.0600,0.4384,0.2550,0.2500,0.2600,0.0071,2
39600.0,40500.0,11:00,343036425,13.2350,12.5800,13.8900,0.9263,0.0850,0.0800,0.0900,0.0071,2
39600.0,40500.0,11:00,361257028#1,8.8950,8.8200,8.9700,0.1061,0.1250,0.1200,0.1300,0.0071,2
39600.0,40500.0,11:00,361257029,8.7000,8.7000,8.7000,0.0000,0.1300,0.1300,0.1300,0.0000,2
39600.0,40500.0,11:00,37899394#0,13.8900,13.8900,13.8900,0.0000,0.0800,0.0800,0.0800,0.0000,2
39600.0,40500.0,11:00,37899394#4,14.2900,14.2900,14.2900,0.0000,0.0800,0.0800,0.0800,0.0000,2
39600.0,40500.0,11:00,37899441#1,8.6250,8.0900,9.1600,0.7566,0.1300,0.1200,0.1400,0.0141,2
39600.0,40500.0,11:00,38101989#0,11.1100,11.1100,11.1100,0.0000,0.1000,0.1000,0.1000,0.0000,2
39600.0,40500.0,11:00,38101989#1,11.1100,11.1100,11.1100,0.0000,0.1000,0.1000,0.1000,0.0000,2
39600.0,40500.0,11:00,38101989#2,11.1100,11.1100,11.1100,0.0000,0.1000,0.1000,0.1000,0.0000,2
39600.0,40500.0,11:00,38101989#3,11.1100,11.1100,11.1100,0.0000,0.1000,0.1000,0.1000,0.0000,2
39600.0,40500.0,11:00,383327664#0,9.0400,8.3200,9.7600,1.0182,0.1200,0.1100,0.1300,0.0141,2
39600.0,40500.0,11:00,383327664#2,9.0350,8.3200,9.7500,1.0112,0.1200,0.1100,0.1300,0.0141,2
39600.0,40500.0,11:00,384828057#0,9.2150,8.6700,9.7600,0.7707,0.1800,0.1100,0.2500,0.0990,2
39600.0,40500.0,11:00,39646561,13.8900,13.8900,13.8900,0.0000,0.1600,0.1600,0.1600,0.0000,2
39600.0,40500.0,11:00,400886685#1,8.8150,8.8100,8.8200,0.0071,0.1300,0.1300,0.1300,0.0000,2
39600.0,40500.0,11:00,400886689#1,8.9150,8.5600,9.2700,0.5020,0.2500,0.2400,0.2600,0.0141,2
39600.0,40500.0,11:00,401595498,9.4200,8.6700,10.1700,1.0607,0.2400,0.2200,0.2600,0.0283,2
39600.0,40500.0,11:00,41223305,9.0400,8.3200,9.7600,1.0182,0.1200,0.1100,0.1300,0.0141,2
39600.0,40500.0,11:00,41526718#0,8.5450,8.0000,9.0900,0.7707,0.1300,0.1200,0.1400,0.0141,2
39600.0,40500.0,11:00,41754609#0,12.4550,12.2300,12.6800,0.3182,0.3550,0.3500,0.3600,0.0071,2
39600.0,40500.0,11:00,41754609#1,12.4550,12.2300,12.6800,0.3182,0.3550,0.3500,0.3600,0.0071,2
39600.0,40500.0,11:00,427821329#1,9.3000,9.1000,9.5000,0.2828,0.2350,0.2300,0.2400,0.0071,2
39600.0,40500.0,11:00,427821329#2,9.2950,9.0900,9.5000,0.2899,0.2350,0.2300,0.2400,0.0071,2
39600.0,40500.0,11:00,429206409,9.0400,8.3200,9.7600,1.0182,0.1200,0.1100,0.1300,0.0141,2
39600.0,40500.0,11:00,450227283#1,9.0550,8.3200,9.7900,1.0394,0.1200,0.1100,0.1300,0.0141,2
39600.0,40500.0,11:00,450227283#2,9.0400,8.3200,9.7600,1.0182,0.1200,0.1100,0.1300,0.0141,2
39600.0,40500.0,11:00,451081200,13.4050,12.9400,13.8700,0.6576,0.0850,0.0800,0.0900,0.0071,2
39600.0,40500.0,11:00,452105746#0,8.8400,8.5800,9.1000,0.3677,0.2500,0.2400,0.2600,0.0141,2
39600.0,40500.0,11:00,452105746#1,8.8400,8.5800,9.1000,0.3677,0.2500,0.2400,0.2600,0.0141,2
39600.0,40500.0,11:00,452105747,8.8400,8.5800,9.1000,0.3677,0.2500,0.2400,0.2600,0.0141,2
39600.0,40500.0,11:00,455476281#0,9.0350,8.3200,9.7500,1.0112,0.1200,0.1100,0.1300,0.0141,2
39600.0,40500.0,11:00,455476281#1,9.0350,8.3200,9.7500,1.0112,0.1200,0.1100,0.1300,0.0141,2
39600.0,40500.0,11:00,456194040#0,13.8900,13.8900,13.8900,0.0000,0.2400,0.2400,0.2400,0.0000,2
39600.0,40500.0,11:00,456194040#3,13.8900,13.8900,13.8900,0.0000,0.1600,0.1600,0.1600,0.0000,2
39600.0,40500.0,11:00,461119579,12.9900,12.2900,13.6900,0.9899,0.2550,0.2400,0.2700,0.0212,2
39600.0,40500.0,11:00,4692270#2,8.9950,8.2100,9.7800,1.1102,0.3750,0.3400,0.4100,0.0495,2
39600.0,40500.0,11:00,4692270#3,8.9950,8.2100,9.7800,1.1102,0.3750,0.3400,0.4100,0.0495,2
39600.0,40500.0,11:00,4692272#0,8.8400,8.5800,9.1000,0.3677,0.2500,0.2400,0.2600,0.0141,2
39600.0,40500.0,11:00,4725920#0,9.3050,9.0900,9.5200,0.3041,0.1200,0.1200,0.1200,0.0000,2
39600.0,40500.0,11:00,4725920#1,9.3050,9.0900,9.5200,0.3041,0.1200,0.1200,0.1200,0.0000,2
39600.0,40500.0,11:00,4725920#2,9.4650,9.2600,9.6700,0.2899,0.1150,0.1100,0.1200,0.0071,2
39600.0,40500.0,11:00,4725920#3,9.4700,9.2700,9.6700,0.2828,0.1150,0.1100,0.1200,0.0071,2
39600.0,40500.0,11:00,4725927,13.4250,12.9600,13.8900,0.6576,0.0250,0.0200,0.0300,0.0071,2
39600.0,40500.0,11:00,592336476#0,13.8900,13.8900,13.8900,0.0000,0.0800,0.0800,0.0800,0.0000,2
39600.0,40500.0,11:00,592336476#2,13.8900,13.8900,13.8900,0.0000,0.0800,0.0800,0.0800,0.0000,2
39600.0,40500.0,11:00,609715705,8.6250,8.1000,9.1500,0.7425,0.1300,0.1200,0.1400,0.0141,2
39600.0,40500.0,11:00,631597723#0,8.7500,8.4400,9.0600,0.4384,0.2550,0.2500,0.2600,0.0071,2
39600.0,40500.0,11:00,650010534,12.9900,12.2900,13.6900,0.9899,0.2550,0.2400,0.2700,0.0212,2
39600.0,40500.0,11:00,661903030,9.4200,8.6800,10.1600,1.0465,0.2400,0.2200,0.2600,0.0283,2
39600.0,40500.0,11:00,670737514#0,9.1200,8.6200,9.6200,0.7071,0.1250,0.1200,0.1300,0.0071,2
39600.0,40500.0,11:00,673497910#1,9.1500,9.1100,9.1900,0.0566,0.6050,0.6000,0.6100,0.0071,2
39600.0,40500.0,11:00,681388530#0,13.7250,13.5600,13.8900,0.2333,0.0800,0.0800,0.0800,0.0000,2
39600.0,40500.0,11:00,681388530#1,13.7250,13.5600,13.8900,0.2333,0.0800,0.0800,0.0800,0.0000,2
39600.0,40500.0,11:00,68756019#0,13.7250,13.3300,14.1200,0.5586,0.0800,0.0800,0.0800,0.0000,2
39600.0,40500.0,11:00,68756019#1,12.7950,12.0000,13.5900,1.1243,0.1750,0.1600,0.1900,0.0212,2
39600.0,40500.0,11:00,68756019#3,12.7950,12.0100,13.5800,1.1102,0.1750,0.1600,0.1900,0.0212,2
39600.0,40500.0,11:00,68756023#1,12.9850,12.2900,13.6800,0.9829,0.2550,0.2400,0.2700,0.0212,2
39600.0,40500.0,11:00,68756027#0,13.8900,13.8900,13.8900,0.0000,0.0800,0.0800,0.0800,0.0000,2
39600.0,40500.0,11:00,68756043#0,12.9900,12.2900,13.6900,0.9899,0.2550,0.2400,0.2700,0.0212,2
39600.0,40500.0,11:00,68756043#1,13.0000,12.3000,13.7000,0.9899,0.2550,0.2400,0.2700,0.0212,2
39600.0,40500.0,11:00,68756056#0,13.7400,13.5900,13.8900,0.2121,0.0800,0.0800,0.0800,0.0000,2
39600.0,40500.0,11:00,68756056#1,13.7200,13.6100,13.8300,0.1556,0.0800,0.0800,0.0800,0.0000,2
39600.0,40500.0,11:00,68756056#2,13.7400,13.5900,13.8900,0.2121,0.0800,0.0800,0.0800,0.0000,2
39600.0,40500.0,11:00,68756056#4,13.7450,13.5900,13.9000,0.2192,0.0800,0.0800,0.0800,0.0000,2
39600.0,40500.0,11:00,68756101,13.0950,12.2400,13.9500,1.2092,0.2550,0.2400,0.2700,0.0212,2
39600.0,40500.0,11:00,692881756#1,8.7500,7.7300,9.7700,1.4425,0.1250,0.1100,0.1400,0.0212,2
39600.0,40500.0,11:00,694151967#0,9.5950,9.4000,9.7900,0.2758,0.1150,0.1100,0.1200,0.0071,2
39600.0,40500.0,11:00,694151967#1,9.5950,9.4000,9.7900,0.2758,0.1150,0.1100,0.1200,0.0071,2
39600.0,40500.0,11:00,694151967#2,9.5950,9.4000,9.7900,0.2758,0.1150,0.1100,0.1200,0.0071,2
39600.0,40500.0,11:00,694151967#4,9.3850,9.1400,9.6300,0.3465,0.1200,0.1200,0.1200,0.0000,2
39600.0,40500.0,11:00,694151967#5,9.3800,9.1400,9.6200,0.3394,0.1200,0.1200,0.1200,0.0000,2
39600.0,40500.0,11:00,723584180#0,9.1250,8.9400,9.3100,0.2616,0.3650,0.3600,0.3700,0.0071,2
39600.0,40500.0,11:00,723584180#1,9.1250,8.9400,9.3100,0.2616,0.3650,0.3600,0.3700,0.0071,2
39600.0,40500.0,11:00,750809955#0,9.0400,8.3200,9.7600,1.0182,0.1200,0.1100,0.1300,0.0141,2
39600.0,40500.0,11:00,775996047#0,9.3200,9.0400,9.6000,0.3960,0.1200,0.1200,0.1200,0.0000,2
39600.0,40500.0,11:00,775996047#1,9.3200,9.0400,9.6000,0.3960,0.1200,0.1200,0.1200,0.0000,2
39600.0,40500.0,11:00,775996047#3,9.3050,9.0900,9.5200,0.3041,0.1200,0.1200,0.1200,0.0000,2
39600.0,40500.0,11:00,775996047#4,9.3200,9.0400,9.6000,0.3960,0.1200,0.1200,0.1200,0.0000,2
39600.0,40500.0,11:00,775996047#5,9.3150,9.0400,9.5900,0.3889,0.1200,0.1200,0.1200,0.0000,2
39600.0,40500.0,11:00,79633771#0,9.4200,8.6700,10.1700,1.0607,0.2400,0.2200,0.2600,0.0283,2
39600.0,40500.0,11:00,79633771#2,9.4250,8.6800,10.1700,1.0536,0.2400,0.2200,0.2600,0.0283,2
39600.0,40500.0,11:00,817325560,9.1200,8.6200,9.6200,0.7071,0.1250,0.1200,0.1300,0.0071,2
39600.0,40500.0,11:00,83207313#1,13.7250,13.5600,13.8900,0.2333,0.0800,0.0800,0.0800,0.0000,2
39600.0,40500.0,11:00,83207313#3,13.7300,13.5600,13.9000,0.2404,0.0800,0.0800,0.0800,0.0000,2
39600.0,40500.0,11:00,837865886#0,8.7700,8.7100,8.8300,0.0849,0.1300,0.1300,0.1300,0.0000,2
39600.0,40500.0,11:00,837865886#1,8.7700,8.7100,8.8300,0.0849,0.1300,0.1300,0.1300,0.0000,2
39600.0,40500.0,11:00,858813354#0,12.9900,12.2900,13.6900,0.9899,0.2550,0.2400,0.2700,0.0212,2
39600.0,40500.0,11:00,883193661#0,12.1450,11.9500,12.3400,0.2758,0.1850,0.1800,0.1900,0.0071,2
39600.0,40500.0,11:00,887871736#0,13.4050,12.9200,13.8900,0.6859,0.0850,0.0800,0.0900,0.0071,2
39600.0,40500.0,11:00,887871736#1,13.4400,12.9300,13.9500,0.7212,0.0850,0.0800,0.0900,0.0071,2
39600.0,40500.0,11:00,912997280,9.3850,9.1400,9.6300,0.3465,0.1200,0.1200,0.1200,0.0000,2
39600.0,40500.0,11:00,923824913#0,8.9000,8.8200,8.9800,0.1131,0.1250,0.1200,0.1300,0.0071,2
39600.0,40500.0,11:00,926028935#0,9.4200,8.6700,10.1700,1.0607,0.2400,0.2200,0.2600,0.0283,2
39600.0,40500.0,11:00,94541123,12.2400,12.2000,12.2800,0.0566,0.1800,0.1800,0.1800,0.0000,2
39600.0,40500.0,11:00,956982233#1,9.0400,8.3200,9.7600,1.0182,0.1200,0.1100,0.1300,0.0141,2
39600.0,40500.0,11:00,985837487,13.8900,13.8900,13.8900,0.0000,0.0800,0.0800,0.0800,0.0000,2
39600.0,40500.0,11:00,996141193#0,13.8900,13.8900,13.8900,0.0000,0.0800,0.0800,0.0800,0.0000,2
39600.0,40500.0,11:00,996141193#1,13.8900,13.8900,13.8900,0.0000,0.0800,0.0800,0.0800,0.0000,2
40500.0,41400.0,11:15,-1026845806,11.4550,11.1100,11.8000,0.4879,0.1300,0.1000,0.1600,0.0424,2
40500.0,41400.0,11:15,-1033369174,8.8800,8.3100,9.4500,0.8061,0.1250,0.1200,0.1300,0.0071,2
40500.0,41400.0,11:15,-1033369176#0,8.8850,8.3100,9.4600,0.8132,0.1250,0.1200,0.1300,0.0071,2
40500.0,41400.0,11:15,-104288999,8.9500,8.7600,9.1400,0.2687,0.2450,0.2400,0.2500,0.0071,2
40500.0,41400.0,11:15,-1054418205,8.4900,8.1600,8.8200,0.4667,0.2600,0.2500,0.2700,0.0141,2
40500.0,41400.0,11:15,-11022533#0,8.5100,8.1900,8.8300,0.4525,0.2600,0.2500,0.2700,0.0141,2
40500.0,41400.0,11:15,-11022533#2,8.4900,8.1600,8.8200,0.4667,0.2600,0.2500,0.2700,0.0141,2
40500.0,41400.0,11:15,-1294734838#0,8.9250,8.3300,9.5200,0.8415,0.1250,0.1200,0.1300,0.0071,2
40500.0,41400.0,11:15,-1305563481#1,8.7250,8.5200,8.9300,0.2899,0.1250,0.1200,0.1300,0.0071,2
40500.0,41400.0,11:15,-1305563481#2,8.7200,8.5200,8.9200,0.2828,0.1250,0.1200,0.1300,0.0071,2
40500.0,41400.0,11:15,-1305563481#3,8.7250,8.5400,8.9100,0.2616,0.1250,0.1200,0.1300,0.0071,2
40500.0,41400.0,11:15,-1305563481#5,8.7200,8.5200,8.9200,0.2828,0.1250,0.1200,0.1300,0.0071,2
40500.0,41400.0,11:15,-134063971,8.5300,8.5000,8.5600,0.0424,0.5200,0.5200,0.5200,0.0000,2
40500.0,41400.0,11:15,-134063977#1,13.8800,13.8800,13.8800,0.0000,0.2400,0.2400,0.2400,0.0000,2
40500.0,41400.0,11:15,-134411713#1,8.4900,8.1600,8.8200,0.4667,0.2600,0.2500,0.2700,0.0141,2
40500.0,41400.0,11:15,-134411713#3,8.4900,8.1600,8.8200,0.4667,0.2600,0.2500,0.2700,0.0141,2
40500.0,41400.0,11:15,-135706987#0,13.8900,13.8900,13.8900,0.0000,0.1600,0.1600,0.1600,0.0000,2
40500.0,41400.0,11:15,-1361717374#2,8.5350,8.5000,8.5700,0.0495,0.5200,0.5200,0.5200,0.0000,2
40500.0,41400.0,11:15,-13715475#1,9.1150,8.8200,9.4100,0.4172,0.2450,0.2400,0.2500,0.0071,2
40500.0,41400.0,11:15,-137355170,7.4700,7.2200,7.7200,0.3536,0.1450,0.1400,0.1500,0.0071,2
40500.0,41400.0,11:15,-1424789406#0,11.6100,11.2400,11.9800,0.5233,0.0950,0.0900,0.1000,0.0071,2
40500.0,41400.0,11:15,-161182809,8.6750,8.5600,8.7900,0.1626,0.3850,0.3800,0.3900,0.0071,2
40500.0,41400.0,11:15,-206919777#0,11.1100,11.1100,11.1100,0.0000,0.1000,0.1000,0.1000,0.0000,2
40500.0,41400.0,11:15,-206919777#1,11.1100,11.1100,11.1100,0.0000,0.1000,0.1000,0.1000,0.0000,2
40500.0,41400.0,11:15,-236455763#2,9.4000,9.1400,9.6600,0.3677,0.2350,0.2300,0.2400,0.0071,2
40500.0,41400.0,11:15,-2535038#0,13.8900,13.8900,13.8900,0.0000,0.1600,0.1600,0.1600,0.0000,2
40500.0,41400.0,11:15,-2535038#1,13.8900,13.8900,13.8900,0.0000,0.1600,0.1600,0.1600,0.0000,2
40500.0,41400.0,11:15,-2535038#3,13.8900,13.8900,13.8900,0.0000,0.2400,0.2400,0.2400,0.0000,2
40500.0,41400.0,11:15,-2535038#4,13.8200,13.8200,13.8200,0.0000,0.2400,0.2400,0.2400,0.0000,2
40500.0,41400.0,11:15,-2535039#2,9.0650,8.6500,9.4800,0.5869,0.6450,0.6000,0.6900,0.0636,2
40500.0,41400.0,11:15,-2535382#0,8.7800,8.5800,8.9800,0.2828,0.1250,0.1200,0.1300,0.0071,2
40500.0,41400.0,11:15,-2535382#1,8.7750,8.5800,8.9700,0.2758,0.1250,0.1200,0.1300,0.0071,2
40500.0,41400.0,11:15,-2535382#2,8.7750,8.5800,8.9700,0.2758,0.1250,0.1200,0.1300,0.0071,2
40500.0,41400.0,11:15,-2535382#3,8.7800,8.5800,8.9800,0.2828,0.1250,0.1200,0.1300,0.0071,2
40500.0,41400.0,11:15,-2535383#0,13.9000,13.9000,13.9000,0.0000,0.0800,0.0800,0.0800,0.0000,2
40500.0,41400.0,11:15,-2535383#1,14.2900,14.2900,14.2900,0.0000,0.0800,0.0800,0.0800,0.0000,2
40500.0,41400.0,11:15,-2535383#2,13.8900,13.8900,13.8900,0.0000,0.0800,0.0800,0.0800,0.0000,2
40500.0,41400.0,11:15,-2541944#2,8.6050,8.2000,9.0100,0.5728,0.2600,0.2500,0.2700,0.0141,2
40500.0,41400.0,11:15,-2541944#4,8.6000,8.2000,9.0000,0.5657,0.2600,0.2500,0.2700,0.0141,2
40500.0,41400.0,11:15,-2541944#5,8.6000,8.2000,9.0000,0.5657,0.2600,0.2500,0.2700,0.0141,2
40500.0,41400.0,11:15,-2541944#6,8.6000,8.2000,9.0000,0.5657,0.2600,0.2500,0.2700,0.0141,2
40500.0,41400.0,11:15,-2541944#7,8.5950,8.1900,9.0000,0.5728,0.2600,0.2500,0.2700,0.0141,2
40500.0,41400.0,11:15,-2541944#8,8.6000,8.2000,9.0000,0.5657,0.2600,0.2500,0.2700,0.0141,2
40500.0,41400.0,11:15,-2543134#1,11.6050,11.2200,11.9900,0.5445,0.0950,0.0900,0.1000,0.0071,2
40500.0,41400.0,11:15,-2543332#0,8.6050,8.3400,8.8700,0.3748,0.3900,0.3800,0.4000,0.0141,2
40500.0,41400.0,11:15,-2543332#1,8.6050,8.3400,8.8700,0.3748,0.3900,0.3800,0.4000,0.0141,2
40500.0,41400.0,11:15,-2543332#4,8.6050,8.3400,8.8700,0.3748,0.3900,0.3800,0.4000,0.0141,2
40500.0,41400.0,11:15,-2543333,13.7550,13.6300,13.8800,0.1768,0.2400,0.2400,0.2400,0.0000,2
40500.0,41400.0,11:15,-30278393#1,8.9250,8.0100,9.8400,1.2940,0.2550,0.2300,0.2800,0.0354,2
40500.0,41400.0,11:15,-361257028#0,9.2650,9.2100,9.3200,0.0778,0.1200,0.1200,0.1200,0.0000,2
40500.0,41400.0,11:15,-361257028#1,9.2700,9.2100,9.3300,0.0849,0.1200,0.1200,0.1200,0.0000,2
40500.0,41400.0,11:15,-380310114#3,7.7700,7.5100,8.0300,0.3677,0.1450,0.1400,0.1500,0.0071,2
40500.0,41400.0,11:15,-383327664#1,9.8350,9.3900,10.2800,0.6293,0.1150,0.1100,0.1200,0.0071,2
40500.0,41400.0,11:15,-383327664#3,9.8400,9.3900,10.2900,0.6364,0.1150,0.1100,0.1200,0.0071,2
40500.0,41400.0,11:15,-384828057#1,8.4900,8.1600,8.8200,0.4667,0.2600,0.2500,0.2700,0.0141,2
40500.0,41400.0,11:15,-39646561,13.8900,13.8900,13.8900,0.0000,0.2400,0.2400,0.2400,0.0000,2
40500.0,41400.0,11:15,-400886685#1,8.2350,7.9000,8.5700,0.4738,0.1350,0.1300,0.1400,0.0071,2
40500.0,41400.0,11:15,-400886689#0,9.4000,9.1400,9.6600,0.3677,0.2350,0.2300,0.2400,0.0071,2
40500.0,41400.0,11:15,-400886691#0,9.4000,9.1400,9.6600,0.3677,0.2350,0.2300,0.2400,0.0071,2
40500.0,41400.0,11:15,-401595498,8.6750,8.5600,8.7900,0.1626,0.3850,0.3800,0.3900,0.0071,2
40500.0,41400.0,11:15,-427821329#1,8.9500,8.7600,9.1400,0.2687,0.2450,0.2400,0.2500,0.0071,2
40500.0,41400.0,11:15,-427821329#2,8.9550,8.7600,9.1500,0.2758,0.2450,0.2400,0.2500,0.0071,2
40500.0,41400.0,11:15,-429206409,9.4000,9.1400,9.6600,0.3677,0.2350,0.2300,0.2400,0.0071,2
40500.0,41400.0,11:15,-450227283#1,9.4300,9.1700,9.6900,0.3677,0.2350,0.2300,0.2400,0.0071,2
40500.0,41400.0,11:15,-451081200,13.7450,13.6200,13.8700,0.1768,0.2400,0.2400,0.2400,0.0000,2
40500.0,41400.0,11:15,-455063592,12.9000,12.6800,13.1200,0.3111,0.1750,0.1700,0.1800,0.0071,2
40500.0,41400.0,11:15,-661903030,8.4850,8.1600,8.8100,0.4596,0.2600,0.2500,0.2700,0.0141,2
40500.0,41400.0,11:15,-670737514#1,8.7250,8.5200,8.9300,0.2899,0.1250,0.1200,0.1300,0.0071,2
40500.0,41400.0,11:15,-673497909,8.6000,8.2000,9.0000,0.5657,0.2600,0.2500,0.2700,0.0141,2
40500.0,41400.0,11:15,-673497910#0,8.6000,8.2000,9.0000,0.5657,0.2600,0.2500,0.2700,0.0141,2
40500.0,41400.0,11:15,-692881756#0,8.8800,8.3100,9.4500,0.8061,0.1250,0.1200,0.1300,0.0071,2
40500.0,41400.0,11:15,-79633771#1,8.4900,8.1600,8.8200,0.4667,0.2600,0.2500,0.2700,0.0141,2
40500.0,41400.0,11:15,-79633771#2,8.4900,8.1600,8.8200,0.4667,0.2600,0.2500,0.2700,0.0141,2
40500.0,41400.0,11:15,-817325560,8.7250,8.5200,8.9300,0.2899,0.1250,0.1200,0.1300,0.0071,2
40500.0,41400.0,11:15,-887871736#0,13.7550,13.6300,13.8800,0.1768,0.2400,0.2400,0.2400,0.0000,2
40500.0,41400.0,11:15,-887871736#1,13.7450,13.6200,13.8700,0.1768,0.2400,0.2400,0.2400,0.0000,2
40500.0,41400.0,11:15,-926028935#1,8.4900,8.1600,8.8200,0.4667,0.2600,0.2500,0.2700,0.0141,2
40500.0,41400.0,11:15,-928691979#0,13.8900,13.8900,13.8900,0.0000,0.2400,0.2400,0.2400,0.0000,2
40500.0,41400.0,11:15,-953082529#1,13.2100,12.5400,13.8800,0.9475,0.0850,0.0800,0.0900,0.0071,2
40500.0,41400.0,11:15,-953082529#2,13.3950,12.5000,14.2900,1.2657,0.0850,0.0800,0.0900,0.0071,2
40500.0,41400.0,11:15,-953082529#3,13.2200,12.5500,13.8900,0.9475,0.0850,0.0800,0.0900,0.0071,2
40500.0,41400.0,11:15,1026845806,13.4250,13.0300,13.8200,0.5586,0.0850,0.0800,0.0900,0.0071,2
40500.0,41400.0,11:15,1033369176#1,8.8850,8.3100,9.4600,0.8132,0.1250,0.1200,0.1300,0.0071,2
40500.0,41400.0,11:15,104288999,9.1950,8.5400,9.8500,0.9263,0.3650,0.3400,0.3900,0.0354,2
40500.0,41400.0,11:15,1053979184#1,12.3500,12.3500,12.3500,0.0000,0.1800,0.1800,0.1800,0.0000,2
40500.0,41400.0,11:15,1054418205,9.1450,8.7400,9.5500,0.5728,0.6100,0.5800,0.6400,0.0424,2
40500.0,41400.0,11:15,1058344629,13.2050,12.5400,13.8700,0.9405,0.0850,0.0800,0.0900,0.0071,2
40500.0,41400.0,11:15,1058647170,9.1750,9.1100,9.2400,0.0919,0.2400,0.2400,0.2400,0.0000,2
40500.0,41400.0,11:15,1058647171#0,8.8150,8.6100,9.0200,0.2899,0.5050,0.4900,0.5200,0.0212,2
40500.0,41400.0,11:15,1058647171#1,8.4900,8.1600,8.8200,0.4667,0.2600,0.2500,0.2700,0.0141,2
40500.0,41400.0,11:15,11018592,8.9800,8.9200,9.0400,0.0849,0.4950,0.4900,0.5000,0.0071,2
40500.0,41400.0,11:15,11022533#0,9.1550,8.7500,9.5600,0.5728,0.6100,0.5800,0.6400,0.0424,2
40500.0,41400.0,11:15,11022533#1,9.1450,8.7400,9.5500,0.5728,0.6100,0.5800,0.6400,0.0424,2
40500.0,41400.0,11:15,1112393351,12.1250,11.5700,12.6800,0.7849,0.2750,0.2600,0.2900,0.0212,2
40500.0,41400.0,11:15,1117683359#0,9.1150,8.8200,9.4100,0.4172,0.2450,0.2400,0.2500,0.0071,2
40500.0,41400.0,11:15,1125715810,11.9950,11.4800,12.5100,0.7283,0.3750,0.3600,0.3900,0.0212,2
40500.0,41400.0,11:15,1220287665,12.4100,12.1700,12.6500,0.3394,0.6250,0.6100,0.6400,0.0212,2
40500.0,41400.0,11:15,1267943350#0,8.6400,8.2400,9.0400,0.5657,0.2600,0.2500,0.2700,0.0141,2
40500.0,41400.0,11:15,1267943350#1,8.6250,8.1600,9.0900,0.6576,0.2550,0.2400,0.2700,0.0212,2
40500.0,41400.0,11:15,1267943350#2,8.6450,8.2500,9.0400,0.5586,0.2600,0.2500,0.2700,0.0141,2
40500.0,41400.0,11:15,1294734838#0,8.9250,8.3300,9.5200,0.8415,0.1250,0.1200,0.1300,0.0071,2
40500.0,41400.0,11:15,1294734838#1,8.8800,8.3100,9.4500,0.8061,0.1250,0.1200,0.1300,0.0071,2
40500.0,41400.0,11:15,1301164218#0,8.4900,8.1600,8.8200,0.4667,0.2600,0.2500,0.2700,0.0141,2
40500.0,41400.0,11:15,1301164218#1,8.4900,8.1600,8.8200,0.4667,0.2600,0.2500,0.2700,0.0141,2
40500.0,41400.0,11:15,1301164219,8.4900,8.1600,8.8200,0.4667,0.2600,0.2500,0.2700,0.0141,2
40500.0,41400.0,11:15,1305563481#0,8.5950,8.1900,9.0000,0.5728,0.2600,0.2500,0.2700,0.0141,2
40500.0,41400.0,11:15,1305563481#2,8.7300,8.5300,8.9300,0.2828,0.1250,0.1200,0.1300,0.0071,2
40500.0,41400.0,11:15,1305563481#3,8.7250,8.5400,8.9100,0.2616,0.1250,0.1200,0.1300,0.0071,2
40500.0,41400.0,11:15,1305563481#4,8.7200,8.5200,8.9200,0.2828,0.1250,0.1200,0.1300,0.0071,2
40500.0,41400.0,11:15,1315301899#0,12.7750,12.1900,13.3600,0.8273,0.1750,0.1700,0.1800,0.0071,2
40500.0,41400.0,11:15,1315301901,9.1150,8.8200,9.4100,0.4172,0.2450,0.2400,0.2500,0.0071,2
40500.0,41400.0,11:15,133499410#1,13.8100,13.3300,14.2900,0.6788,0.0800,0.0800,0.0800,0.0000,2
40500.0,41400.0,11:15,133499410#2,13.6100,13.3300,13.8900,0.3960,0.0800,0.0800,0.0800,0.0000,2
40500.0,41400.0,11:15,134063971,9.1450,8.7400,9.5500,0.5728,0.6100,0.5800,0.6400,0.0424,2
40500.0,41400.0,11:15,134063977#0,13.9000,13.9000,13.9000,0.0000,0.2400,0.2400,0.2400,0.0000,2
40500.0,41400.0,11:15,134063977#2,13.8900,13.8900,13.8900,0.0000,0.2400,0.2400,0.2400,0.0000,2
40500.0,41400.0,11:15,134136443,8.6050,8.3400,8.8700,0.3748,0.3900,0.3800,0.4000,0.0141,2
40500.0,41400.0,11:15,134411713#0,9.5550,9.1500,9.9600,0.5728,0.3450,0.3300,0.3600,0.0212,2
40500.0,41400.0,11:15,134411713#2,9.2400,8.5200,9.9600,1.0182,0.2950,0.2600,0.3300,0.0495,2
40500.0,41400.0,11:15,134818126#1,13.1300,13.1300,13.1300,0.0000,0.0500,0.0500,0.0500,0.0000,1
40500.0,41400.0,11:15,135706986,13.8900,13.8900,13.8900,0.0000,0.2400,0.2400,0.2400,0.0000,2
40500.0,41400.0,11:15,1361717374#2,9.1550,8.7400,9.5700,0.5869,0.6100,0.5800,0.6400,0.0424,2
40500.0,41400.0,11:15,1364018960,12.3500,12.1100,12.5900,0.3394,0.6300,0.6200,0.6400,0.0141,2
40500.0,41400.0,11:15,13715475#1,9.1000,9.0100,9.1900,0.1273,0.3650,0.3600,0.3700,0.0071,2
40500.0,41400.0,11:15,137355170,7.4700,7.2200,7.7200,0.3536,0.0750,0.0700,0.0800,0.0071,2
40500.0,41400.0,11:15,1386311778#1,13.2200,12.5500,13.8900,0.9475,0.0850,0.0800,0.0900,0.0071,2
40500.0,41400.0,11:15,1386311779#0,13.2200,12.5500,13.8900,0.9475,0.0850,0.0800,0.0900,0.0071,2
40500.0,41400.0,11:15,1386311780#1,13.2200,12.5500,13.8900,0.9475,0.0850,0.0800,0.0900,0.0071,2
40500.0,41400.0,11:15,1386311787#0,13.2200,12.5500,13.8900,0.9475,0.0850,0.0800,0.0900,0.0071,2
40500.0,41400.0,11:15,1386311787#1,13.2200,12.5500,13.8900,0.9475,0.0850,0.0800,0.0900,0.0071,2
40500.0,41400.0,11:15,1386311788,13.2200,12.5500,13.8900,0.9475,0.0850,0.0800,0.0900,0.0071,2
40500.0,41400.0,11:15,1386311796#1,13.2200,12.5500,13.8900,0.9475,0.0850,0.0800,0.0900,0.0071,2
40500.0,41400.0,11:15,14135257#0,11.9950,11.4800,12.5100,0.7283,0.3750,0.3600,0.3900,0.0212,2
40500.0,41400.0,11:15,14135257#1,11.9950,11.4800,12.5100,0.7283,0.3750,0.3600,0.3900,0.0212,2
40500.0,41400.0,11:15,14135257#2,12.1100,11.5500,12.6700,0.7920,0.2750,0.2600,0.2900,0.0212,2
40500.0,41400.0,11:15,14135257#3,12.1150,11.5600,12.6700,0.7849,0.2750,0.2600,0.2900,0.0212,2
40500.0,41400.0,11:15,1424789396,12.9350,12.6200,13.2500,0.4455,0.0850,0.0800,0.0900,0.0071,2
40500.0,41400.0,11:15,1424789403#0,8.6000,8.1300,9.0700,0.6647,0.2600,0.2500,0.2700,0.0141,2
40500.0,41400.0,11:15,1424789403#1,8.6000,8.1300,9.0700,0.6647,0.2600,0.2500,0.2700,0.0141,2
40500.0,41400.0,11:15,161182809,9.1600,8.8200,9.5000,0.4808,0.3650,0.3500,0.3800,0.0212,2
40500.0,41400.0,11:15,206919777#0,11.1100,11.1100,11.1100,0.0000,0.1000,0.1000,0.1000,0.0000,2
40500.0,41400.0,11:15,206919777#1,11.1100,11.1100,11.1100,0.0000,0.1000,0.1000,0.1000,0.0000,2
40500.0,41400.0,11:15,230820329#0,8.6000,8.2000,9.0000,0.5657,0.2600,0.2500,0.2700,0.0141,2
40500.0,41400.0,11:15,230820329#1,8.5950,8.1900,9.0000,0.5728,0.2600,0.2500,0.2700,0.0141,2
40500.0,41400.0,11:15,230820329#2,8.6000,8.2000,9.0000,0.5657,0.2600,0.2500,0.2700,0.0141,2
40500.0,41400.0,11:15,230834615,13.6100,13.3300,13.8900,0.3960,0.0800,0.0800,0.0800,0.0000,2
40500.0,41400.0,11:15,236455763#1,8.7800,8.5000,9.0600,0.3960,0.7600,0.7400,0.7800,0.0283,2
40500.0,41400.0,11:15,2534525#0,8.7000,8.7000,8.7000,0.0000,0.1950,0.1300,0.2600,0.0919,2
40500.0,41400.0,11:15,2534525#1,8.7300,8.6500,8.8100,0.1131,0.1950,0.1300,0.2600,0.0919,2
40500.0,41400.0,11:15,2535038#0,13.8900,13.8900,13.8900,0.0000,0.2400,0.2400,0.2400,0.0000,2
40500.0,41400.0,11:15,2535038#1,13.8900,13.8900,13.8900,0.0000,0.2400,0.2400,0.2400,0.0000,2
40500.0,41400.0,11:15,2535038#2,13.8900,13.8900,13.8900,0.0000,0.2400,0.2400,0.2400,0.0000,2
40500.0,41400.0,11:15,2535038#4,13.8200,13.8200,13.8200,0.0000,0.2400,0.2400,0.2400,0.0000,2
40500.0,41400.0,11:15,2535039#0,8.4900,8.1600,8.8200,0.4667,0.2600,0.2500,0.2700,0.0141,2
40500.0,41400.0,11:15,2535115#0,8.6300,8.5500,8.7100,0.1131,0.6450,0.6400,0.6500,0.0071,2
40500.0,41400.0,11:15,2535381#0,8.6400,8.3900,8.8900,0.3536,0.1250,0.1200,0.1300,0.0071,2
40500.0,41400.0,11:15,2535383#1,11.1100,11.1100,11.1100,0.0000,0.1000,0.1000,0.1000,0.0000,2
40500.0,41400.0,11:15,2535383#2,11.1100,11.1100,11.1100,0.0000,0.1000,0.1000,0.1000,0.0000,2
40500.0,41400.0,11:15,2535384#0,8.9050,8.8100,9.0000,0.1344,0.1250,0.1200,0.1300,0.0071,2
40500.0,41400.0,11:15,2541944#2,8.6450,8.3900,8.9000,0.3606,0.1250,0.1200,0.1300,0.0071,2
40500.0,41400.0,11:15,2541944#3,8.6400,8.3900,8.8900,0.3536,0.1250,0.1200,0.1300,0.0071,2
40500.0,41400.0,11:15,2542711#3,8.3300,8.1300,8.5300,0.2828,0.1350,0.1300,0.1400,0.0071,2
40500.0,41400.0,11:15,2542711#4,8.3300,8.1300,8.5300,0.2828,0.1350,0.1300,0.1400,0.0071,2
40500.0,41400.0,11:15,2543333,12.3700,12.2100,12.5300,0.2263,0.4500,0.4400,0.4600,0.0141,2
40500.0,41400.0,11:15,2544440#1,9.1150,8.8200,9.4100,0.4172,0.2450,0.2400,0.2500,0.0071,2
40500.0,41400.0,11:15,2544440#2,9.1150,8.8200,9.4100,0.4172,0.2450,0.2400,0.2500,0.0071,2
40500.0,41400.0,11:15,2544465#1,9.2650,9.2100,9.3200,0.0778,0.1200,0.1200,0.1200,0.0000,2
40500.0,41400.0,11:15,2570429#0,8.9850,8.7200,9.2500,0.3748,0.2450,0.2400,0.2500,0.0071,2
40500.0,41400.0,11:15,2570429#1,8.9850,8.7200,9.2500,0.3748,0.2450,0.2400,0.2500,0.0071,2
40500.0,41400.0,11:15,2570429#2,9.0000,8.7000,9.3000,0.4243,0.2500,0.2400,0.2600,0.0141,2
40500.0,41400.0,11:15,2570429#3,8.9950,8.3700,9.6200,0.8839,0.1250,0.1200,0.1300,0.0071,2
40500.0,41400.0,11:15,2570542,13.8900,13.8900,13.8900,0.0000,0.3200,0.3200,0.3200,0.0000,2
40500.0,41400.0,11:15,289329430#0,13.2350,12.5800,13.8900,0.9263,0.0850,0.0800,0.0900,0.0071,2
40500.0,41400.0,11:15,289329430#1,13.2300,12.5700,13.8900,0.9334,0.0850,0.0800,0.0900,0.0071,2
40500.0,41400.0,11:15,30278393#1,8.9250,8.0100,9.8400,1.2940,0.2550,0.2300,0.2800,0.0354,2
40500.0,41400.0,11:15,31992815,13.8900,13.8900,13.8900,0.0000,0.3200,0.3200,0.3200,0.0000,2
40500.0,41400.0,11:15,361257029,9.3050,9.0900,9.5200,0.3041,0.1200,0.1200,0.1200,0.0000,2
40500.0,41400.0,11:15,37899441#1,9.2700,9.2100,9.3300,0.0849,0.1200,0.1200,0.1200,0.0000,2
40500.0,41400.0,11:15,380310114#2,9.3650,8.9100,9.8200,0.6435,0.1150,0.1100,0.1200,0.0071,2
40500.0,41400.0,11:15,383327664#0,8.7800,8.5000,9.0600,0.3960,0.7600,0.7400,0.7800,0.0283,2
40500.0,41400.0,11:15,383327664#2,8.7800,8.5000,9.0600,0.3960,0.7600,0.7400,0.7800,0.0283,2
40500.0,41400.0,11:15,384828057#0,8.7800,8.5000,9.0600,0.3960,0.7600,0.7400,0.7800,0.0283,2
40500.0,41400.0,11:15,39646561,12.8200,12.8200,12.8200,0.0000,0.2600,0.2600,0.2600,0.0000,2
40500.0,41400.0,11:15,400886685#1,8.2350,7.9000,8.5700,0.4738,0.1350,0.1300,0.1400,0.0071,2
40500.0,41400.0,11:15,400886689#1,9.3950,9.3100,9.4800,0.1202,0.3550,0.3500,0.3600,0.0071,2
40500.0,41400.0,11:15,401595498,9.1600,8.8200,9.5000,0.4808,0.3650,0.3500,0.3800,0.0212,2
40500.0,41400.0,11:15,41223305,9.0400,9.0100,9.0700,0.0424,0.3700,0.3700,0.3700,0.0000,2
40500.0,41400.0,11:15,41754609#0,13.1200,12.7100,13.5300,0.5798,0.2550,0.2500,0.2600,0.0071,2
40500.0,41400.0,11:15,41754609#1,13.1200,12.7100,13.5300,0.5798,0.2550,0.2500,0.2600,0.0071,2
40500.0,41400.0,11:15,427821329#1,9.1950,8.5400,9.8500,0.9263,0.3650,0.3400,0.3900,0.0354,2
40500.0,41400.0,11:15,427821329#2,9.1950,8.5400,9.8500,0.9263,0.3650,0.3400,0.3900,0.0354,2
40500.0,41400.0,11:15,429206409,8.8100,8.5800,9.0400,0.3253,0.8850,0.8600,0.9100,0.0354,2
40500.0,41400.0,11:15,449880197#0,8.2600,7.7000,8.8200,0.7920,0.4050,0.3800,0.4300,0.0354,2
40500.0,41400.0,11:15,449880200,11.1100,11.1100,11.1100,0.0000,0.1000,0.1000,0.1000,0.0000,2
40500.0,41400.0,11:15,450227283#1,9.0700,9.0400,9.1000,0.0424,0.4900,0.4900,0.4900,0.0000,2
40500.0,41400.0,11:15,450227283#2,9.0750,9.0300,9.1200,0.0636,0.4900,0.4900,0.4900,0.0000,2
40500.0,41400.0,11:15,451081200,12.3650,12.2100,12.5200,0.2192,0.4500,0.4400,0.4600,0.0141,2
40500.0,41400.0,11:15,452105746#0,8.6300,8.5500,8.7100,0.1131,0.6450,0.6400,0.6500,0.0071,2
40500.0,41400.0,11:15,452105746#1,8.6300,8.5500,8.7100,0.1131,0.6450,0.6400,0.6500,0.0071,2
40500.0,41400.0,11:15,452105747,8.6750,8.4400,8.9100,0.3323,0.8950,0.8700,0.9200,0.0354,2
40500.0,41400.0,11:15,455063592,13.8700,13.8500,13.8900,0.0283,0.0800,0.0800,0.0800,0.0000,2
40500.0,41400.0,11:15,455476281#0,9.1200,9.0700,9.1700,0.0707,0.6100,0.6100,0.6100,0.0000,2
40500.0,41400.0,11:15,455476281#1,9.1200,9.0700,9.1700,0.0707,0.6100,0.6100,0.6100,0.0000,2
40500.0,41400.0,11:15,456194040#0,13.8900,13.8900,13.8900,0.0000,0.2400,0.2400,0.2400,0.0000,2
40500.0,41400.0,11:15,456194040#3,13.8900,13.8900,13.8900,0.0000,0.2400,0.2400,0.2400,0.0000,2
40500.0,41400.0,11:15,4609278,13.8900,13.8900,13.8900,0.0000,0.4000,0.4000,0.4000,0.0000,2
40500.0,41400.0,11:15,461119579,12.7750,12.1900,13.3600,0.8273,0.1750,0.1700,0.1800,0.0071,2
40500.0,41400.0,11:15,4692270#2,8.6000,8.1300,9.0700,0.6647,0.2600,0.2500,0.2700,0.0141,2
40500.0,41400.0,11:15,4692270#3,8.6000,8.1300,9.0700,0.6647,0.2600,0.2500,0.2700,0.0141,2
40500.0,41400.0,11:15,4692272#0,8.8200,8.6800,8.9600,0.1980,0.6300,0.6200,0.6400,0.0141,2
40500.0,41400.0,11:15,4725452,8.6400,8.3900,8.8900,0.3536,0.1250,0.1200,0.1300,0.0071,2
40500.0,41400.0,11:15,4725926#0,9.0950,8.7500,9.4400,0.4879,0.3650,0.3500,0.3800,0.0212,2
40500.0,41400.0,11:15,4725927,12.0650,11.6600,12.4700,0.5728,0.0950,0.0900,0.1000,0.0071,2
40500.0,41400.0,11:15,4728900#1,8.6450,8.2500,9.0400,0.5586,0.2600,0.2500,0.2700,0.0141,2
40500.0,41400.0,11:15,645694987#1,9.1150,8.8200,9.4100,0.4172,0.2450,0.2400,0.2500,0.0071,2
40500.0,41400.0,11:15,645694987#2,9.1150,8.8200,9.4100,0.4172,0.2450,0.2400,0.2500,0.0071,2
40500.0,41400.0,11:15,645694987#3,9.2000,8.7300,9.6700,0.6647,0.2400,0.2300,0.2500,0.0141,2
40500.0,41400.0,11:15,650010534,12.7750,12.1900,13.3600,0.8273,0.1750,0.1700,0.1800,0.0071,2
40500.0,41400.0,11:15,661903030,9.1500,8.7500,9.5500,0.5657,0.6100,0.5800,0.6400,0.0424,2
40500.0,41400.0,11:15,670737514#0,8.7250,8.5200,8.9300,0.2899,0.1250,0.1200,0.1300,0.0071,2
40500.0,41400.0,11:15,68756016#0,8.4900,8.1600,8.8200,0.4667,0.2600,0.2500,0.2700,0.0141,2
40500.0,41400.0,11:15,68756016#2,8.4900,8.1600,8.8200,0.4667,0.2600,0.2500,0.2700,0.0141,2
40500.0,41400.0,11:15,68756016#3,8.4900,8.1600,8.8200,0.4667,0.2600,0.2500,0.2700,0.0141,2
40500.0,41400.0,11:15,68756023#1,13.2200,12.5600,13.8800,0.9334,0.0850,0.0800,0.0900,0.0071,2
40500.0,41400.0,11:15,68756027#0,13.2200,12.5500,13.8900,0.9475,0.0850,0.0800,0.0900,0.0071,2
40500.0,41400.0,11:15,68756043#0,12.7750,12.1900,13.3600,0.8273,0.1750,0.1700,0.1800,0.0071,2
40500.0,41400.0,11:15,68756043#1,12.7750,12.1900,13.3600,0.8273,0.1750,0.1700,0.1800,0.0071,2
40500.0,41400.0,11:15,68756101,13.3950,12.5000,14.2900,1.2657,0.0850,0.0800,0.0900,0.0071,2
40500.0,41400.0,11:15,692881756#1,8.8850,8.3100,9.4600,0.8132,0.1250,0.1200,0.1300,0.0071,2
40500.0,41400.0,11:15,717611302,12.3250,11.8900,12.7600,0.6152,0.4550,0.4400,0.4700,0.0212,2
40500.0,41400.0,11:15,717611307#0,12.7250,12.0800,13.3700,0.9122,0.3500,0.3300,0.3700,0.0283,2
40500.0,41400.0,11:15,717611307#1,12.8400,12.1200,13.5600,1.0182,0.3500,0.3300,0.3700,0.0283,2
40500.0,41400.0,11:15,723584180#0,8.6400,8.3900,8.8900,0.3536,0.1250,0.1200,0.1300,0.0071,2
40500.0,41400.0,11:15,723584180#1,8.6400,8.3900,8.8900,0.3536,0.1250,0.1200,0.1300,0.0071,2
40500.0,41400.0,11:15,79633771#0,9.1450,8.7400,9.5500,0.5728,0.6100,0.5800,0.6400,0.0424,2
40500.0,41400.0,11:15,79633771#2,9.1450,8.7400,9.5500,0.5728,0.6100,0.5800,0.6400,0.0424,2
40500.0,41400.0,11:15,817325560,8.7250,8.5200,8.9300,0.2899,0.1250,0.1200,0.1300,0.0071,2
40500.0,41400.0,11:15,830416769,12.3600,11.9000,12.8200,0.6505,0.4500,0.4300,0.4700,0.0283,2
40500.0,41400.0,11:15,83207316,11.9900,11.4800,12.5000,0.7212,0.3750,0.3600,0.3900,0.0212,2
40500.0,41400.0,11:15,837865886#0,8.6050,8.3400,8.8700,0.3748,0.3900,0.3800,0.4000,0.0141,2
40500.0,41400.0,11:15,837865886#1,8.6050,8.3400,8.8700,0.3748,0.3900,0.3800,0.4000,0.0141,2
40500.0,41400.0,11:15,858813354#0,13.2200,12.5500,13.8900,0.9475,0.0850,0.0800,0.0900,0.0071,2
40500.0,41400.0,11:15,887871736#0,12.3650,12.2000,12.5300,0.2333,0.4500,0.4400,0.4600,0.0141,2
40500.0,41400.0,11:15,887871736#1,12.4000,12.2400,12.5600,0.2263,0.4450,0.4400,0.4500,0.0071,2
40500.0,41400.0,11:15,912997280,8.6400,8.2400,9.0400,0.5657,0.2600,0.2500,0.2700,0.0141,2
40500.0,41400.0,11:15,913001041,13.8900,13.8900,13.8900,0.0000,0.3200,0.3200,0.3200,0.0000,2
40500.0,41400.0,11:15,913008650,11.9650,11.4300,12.5000,0.7566,0.3750,0.3600,0.3900,0.0212,2
40500.0,41400.0,11:15,926028935#0,9.1450,8.7400,9.5500,0.5728,0.6100,0.5800,0.6400,0.0424,2
40500.0,41400.0,11:15,928436139#0,9.2000,8.7300,9.6700,0.6647,0.2400,0.2300,0.2500,0.0141,2
40500.0,41400.0,11:15,928436139#1,9.0950,8.7500,9.4400,0.4879,0.3650,0.3500,0.3800,0.0212,2
40500.0,41400.0,11:15,928436139#2,9.1000,8.7600,9.4400,0.4808,0.3650,0.3500,0.3800,0.0212,2
40500.0,41400.0,11:15,956982233#1,8.9650,8.8100,9.1200,0.2192,0.4950,0.4900,0.5000,0.0071,2
40500.0,41400.0,11:15,985837487,11.1000,11.1000,11.1000,0.0000,0.1000,0.1000,0.1000,0.0000,2
40500.0,41400.0,11:15,996141193#0,13.2200,12.5500,13.8900,0.9475,0.0850,0.0800,0.0900,0.0071,2
40500.0,41400.0,11:15,996141193#1,13.2200,12.5500,13.8900,0.9475,0.0850,0.0800,0.0900,0.0071,2
41400.0,42300.0,11:30,-1025366406,8.8850,8.8700,8.9000,0.0212,0.1250,0.1200,0.1300,0.0071,2
41400.0,42300.0,11:30,-1026845806,12.0250,11.4000,12.6500,0.8839,0.2750,0.2600,0.2900,0.0212,2
41400.0,42300.0,11:30,-104288999,9.7300,9.7100,9.7500,0.0283,0.1100,0.1100,0.1100,0.0000,2
41400.0,42300.0,11:30,-1053066061#2,8.7650,8.2300,9.3000,0.7566,0.2550,0.2400,0.2700,0.0212,2
41400.0,42300.0,11:30,-1053066068#1,8.7650,8.2300,9.3000,0.7566,0.2550,0.2400,0.2700,0.0212,2
41400.0,42300.0,11:30,-1053066068#3,8.7650,8.2300,9.3000,0.7566,0.2550,0.2400,0.2700,0.0212,2
41400.0,42300.0,11:30,-1053066068#4,8.7350,8.2400,9.2300,0.7000,0.2550,0.2400,0.2700,0.0212,2
41400.0,42300.0,11:30,-1054418205,8.7300,8.7000,8.7600,0.0424,0.2550,0.2500,0.2600,0.0071,2
41400.0,42300.0,11:30,-11022533#0,8.9100,8.7800,9.0400,0.1838,0.5000,0.4900,0.5100,0.0141,2
41400.0,42300.0,11:30,-11022533#2,8.9050,8.7800,9.0300,0.1768,0.5000,0.4900,0.5100,0.0141,2
41400.0,42300.0,11:30,-1301164218#0,8.8400,8.5600,9.1200,0.3960,0.1250,0.1200,0.1300,0.0071,2
41400.0,42300.0,11:30,-1301164218#3,8.8400,8.5600,9.1200,0.3960,0.1250,0.1200,0.1300,0.0071,2
41400.0,42300.0,11:30,-1301164219,8.8400,8.5600,9.1200,0.3960,0.1250,0.1200,0.1300,0.0071,2
41400.0,42300.0,11:30,-134063971,8.3100,8.2600,8.3600,0.0707,0.4000,0.4000,0.4000,0.0000,2
41400.0,42300.0,11:30,-134411713#1,8.6550,8.5900,8.7200,0.0919,0.1300,0.1300,0.1300,0.0000,2
41400.0,42300.0,11:30,-134411713#3,8.6550,8.5900,8.7200,0.0919,0.1300,0.1300,0.1300,0.0000,2
41400.0,42300.0,11:30,-135706987#0,13.8900,13.8900,13.8900,0.0000,0.0800,0.0800,0.0800,0.0000,2
41400.0,42300.0,11:30,-1361717374#2,8.3050,8.2500,8.3600,0.0778,0.4000,0.4000,0.4000,0.0000,2
41400.0,42300.0,11:30,-13715475#1,8.9800,8.1500,9.8100,1.1738,0.2500,0.2300,0.2700,0.0283,2
41400.0,42300.0,11:30,-1424789407#1,11.1100,11.1100,11.1100,0.0000,0.2000,0.2000,0.2000,0.0000,2
41400.0,42300.0,11:30,-1424789407#2,11.1100,11.1100,11.1100,0.0000,0.2000,0.2000,0.2000,0.0000,2
41400.0,42300.0,11:30,-161182809,8.6550,8.5900,8.7200,0.0919,0.1300,0.1300,0.1300,0.0000,2
41400.0,42300.0,11:30,-172336694,9.7300,9.7100,9.7500,0.0283,0.1100,0.1100,0.1100,0.0000,2
41400.0,42300.0,11:30,-236455763#2,8.8200,8.6700,8.9700,0.2121,0.2550,0.2500,0.2600,0.0071,2
41400.0,42300.0,11:30,-2535039#2,8.6550,8.6500,8.6600,0.0071,0.8650,0.8500,0.8800,0.0212,2
41400.0,42300.0,11:30,-2535115#1,9.6700,8.6100,10.7300,1.4991,0.1150,0.1000,0.1300,0.0212,2
41400.0,42300.0,11:30,-2535350#1,8.7050,8.2100,9.2000,0.7000,0.2550,0.2400,0.2700,0.0212,2
41400.0,42300.0,11:30,-2535381#2,7.3250,7.1800,7.4700,0.2051,0.1500,0.1500,0.1500,0.0000,2
41400.0,42300.0,11:30,-2535382#0,8.7650,8.2300,9.3000,0.7566,0.2550,0.2400,0.2700,0.0212,2
41400.0,42300.0,11:30,-2535382#1,8.8950,8.8800,8.9100,0.0212,0.1250,0.1200,0.1300,0.0071,2
41400.0,42300.0,11:30,-2535382#2,8.8950,8.8800,8.9100,0.0212,0.1250,0.1200,0.1300,0.0071,2
41400.0,42300.0,11:30,-2535382#3,8.8850,8.8700,8.9000,0.0212,0.1250,0.1200,0.1300,0.0071,2
41400.0,42300.0,11:30,-2535383#4,13.8900,13.8900,13.8900,0.0000,0.0800,0.0800,0.0800,0.0000,2
41400.0,42300.0,11:30,-2541944#2,8.1500,8.1000,8.2000,0.0707,0.2700,0.2700,0.2700,0.0000,2
41400.0,42300.0,11:30,-2541944#4,8.1500,8.1000,8.2000,0.0707,0.2700,0.2700,0.2700,0.0000,2
41400.0,42300.0,11:30,-2541944#5,8.1500,8.1000,8.2000,0.0707,0.2700,0.2700,0.2700,0.0000,2
41400.0,42300.0,11:30,-2541944#6,8.1500,8.1000,8.2000,0.0707,0.2700,0.2700,0.2700,0.0000,2
41400.0,42300.0,11:30,-2541944#7,8.1500,8.1000,8.2000,0.0707,0.2700,0.2700,0.2700,0.0000,2
41400.0,42300.0,11:30,-2541944#8,8.1500,8.1000,8.2000,0.0707,0.2700,0.2700,0.2700,0.0000,2
41400.0,42300.0,11:30,-2543332#0,8.9250,8.6800,9.1700,0.3465,0.1250,0.1200,0.1300,0.0071,2
41400.0,42300.0,11:30,-2543332#1,8.9300,8.6900,9.1700,0.3394,0.1250,0.1200,0.1300,0.0071,2
41400.0,42300.0,11:30,-2543333,13.8900,13.8900,13.8900,0.0000,0.0800,0.0800,0.0800,0.0000,2
41400.0,42300.0,11:30,-343036951,8.3800,7.7400,9.0200,0.9051,0.1300,0.1200,0.1400,0.0141,2
41400.0,42300.0,11:30,-383327664#1,8.8200,8.6700,8.9700,0.2121,0.2550,0.2500,0.2600,0.0071,2
41400.0,42300.0,11:30,-383327664#3,8.8200,8.6700,8.9700,0.2121,0.2550,0.2500,0.2600,0.0071,2
41400.0,42300.0,11:30,-384828057#1,8.8200,8.6700,8.9700,0.2121,0.2550,0.2500,0.2600,0.0071,2
41400.0,42300.0,11:30,-39646561,13.8900,13.8900,13.8900,0.0000,0.0800,0.0800,0.0800,0.0000,2
41400.0,42300.0,11:30,-400886685#1,9.9200,9.2200,10.6200,0.9899,0.1100,0.1000,0.1200,0.0141,2
41400.0,42300.0,11:30,-400886689#0,9.3000,9.1100,9.4900,0.2687,0.4000,0.3900,0.4100,0.0141,2
41400.0,42300.0,11:30,-400886691#0,8.8200,8.6700,8.9700,0.2121,0.2550,0.2500,0.2600,0.0071,2
41400.0,42300.0,11:30,-401595498,8.6550,8.5900,8.7200,0.0919,0.1300,0.1300,0.1300,0.0000,2
41400.0,42300.0,11:30,-429206409,8.8200,8.6700,8.9700,0.2121,0.2550,0.2500,0.2600,0.0071,2
41400.0,42300.0,11:30,-450227283#1,9.3750,9.1600,9.5900,0.3041,0.3550,0.3500,0.3600,0.0071,2
41400.0,42300.0,11:30,-451081200,13.8700,13.8700,13.8700,0.0000,0.0800,0.0800,0.0800,0.0000,2
41400.0,42300.0,11:30,-452105746#0,9.6750,8.6100,10.7400,1.5061,0.1150,0.1000,0.1300,0.0212,2
41400.0,42300.0,11:30,-452105746#1,9.6700,8.6100,10.7300,1.4991,0.1150,0.1000,0.1300,0.0212,2
41400.0,42300.0,11:30,-456194040#2,11.1100,11.1100,11.1100,0.0000,0.1000,0.1000,0.1000,0.0000,2
41400.0,42300.0,11:30,-456194040#3,11.1100,11.1100,11.1100,0.0000,0.1000,0.1000,0.1000,0.0000,2
41400.0,42300.0,11:30,-661903030,8.7350,8.7100,8.7600,0.0354,0.2550,0.2500,0.2600,0.0071,2
41400.0,42300.0,11:30,-661903031#3,11.1100,11.1100,11.1100,0.0000,0.2000,0.2000,0.2000,0.0000,2
41400.0,42300.0,11:30,-661903031#5,11.1100,11.1100,11.1100,0.0000,0.2000,0.2000,0.2000,0.0000,2
41400.0,42300.0,11:30,-661903031#6,11.1100,11.1100,11.1100,0.0000,0.2000,0.2000,0.2000,0.0000,2
41400.0,42300.0,11:30,-661903031#9,11.1100,11.1100,11.1100,0.0000,0.2000,0.2000,0.2000,0.0000,2
41400.0,42300.0,11:30,-673497909,8.1500,8.1000,8.2000,0.0707,0.2700,0.2700,0.2700,0.0000,2
41400.0,42300.0,11:30,-673497910#0,8.1550,8.1100,8.2000,0.0636,0.2700,0.2700,0.2700,0.0000,2
41400.0,42300.0,11:30,-68756016#1,8.8400,8.5600,9.1200,0.3960,0.1250,0.1200,0.1300,0.0071,2
41400.0,42300.0,11:30,-68756016#2,8.8450,8.5700,9.1200,0.3889,0.1250,0.1200,0.1300,0.0071,2
41400.0,42300.0,11:30,-68756016#3,8.8400,8.5600,9.1200,0.3960,0.1250,0.1200,0.1300,0.0071,2
41400.0,42300.0,11:30,-71181686#0,8.8150,8.6800,8.9500,0.1909,0.1250,0.1200,0.1300,0.0071,2
41400.0,42300.0,11:30,-71181686#1,8.8950,8.7000,9.0900,0.2758,0.1250,0.1200,0.1300,0.0071,2
41400.0,42300.0,11:30,-71181686#2,8.8950,8.7000,9.0900,0.2758,0.1250,0.1200,0.1300,0.0071,2
41400.0,42300.0,11:30,-71181686#3,8.8150,8.6800,8.9500,0.1909,0.1250,0.1200,0.1300,0.0071,2
41400.0,42300.0,11:30,-71181686#4,8.8150,8.6900,8.9400,0.1768,0.1250,0.1200,0.1300,0.0071,2
41400.0,42300.0,11:30,-71181686#5,8.8100,8.6800,8.9400,0.1838,0.1250,0.1200,0.1300,0.0071,2
41400.0,42300.0,11:30,-723584180#0,8.7850,8.5900,8.9800,0.2758,0.1250,0.1200,0.1300,0.0071,2
41400.0,42300.0,11:30,-723584180#2,8.1000,8.0100,8.1900,0.1273,0.4150,0.4100,0.4200,0.0071,2
41400.0,42300.0,11:30,-750809955#0,8.7600,8.1900,9.3300,0.8061,0.1300,0.1200,0.1400,0.0141,2
41400.0,42300.0,11:30,-79633771#1,8.9350,8.7200,9.1500,0.3041,0.3700,0.3600,0.3800,0.0141,2
41400.0,42300.0,11:30,-79633771#2,8.9400,8.7300,9.1500,0.2970,0.3700,0.3600,0.3800,0.0141,2
41400.0,42300.0,11:30,-887871736#0,13.8900,13.8900,13.8900,0.0000,0.0800,0.0800,0.0800,0.0000,2
41400.0,42300.0,11:30,-887871736#1,13.8700,13.8700,13.8700,0.0000,0.0800,0.0800,0.0800,0.0000,2
41400.0,42300.0,11:30,-926028935#1,8.7350,8.7000,8.7700,0.0495,0.2550,0.2500,0.2600,0.0071,2
41400.0,42300.0,11:30,-94506480#2,11.1100,11.1100,11.1100,0.0000,0.2000,0.2000,0.2000,0.0000,2
41400.0,42300.0,11:30,-990834100,8.7650,8.2300,9.3000,0.7566,0.2550,0.2400,0.2700,0.0212,2
41400.0,42300.0,11:30,1025366406,8.8850,8.8700,8.9000,0.0212,0.1250,0.1200,0.1300,0.0071,2
41400.0,42300.0,11:30,1026085894#0,8.7850,8.5900,8.9800,0.2758,0.1250,0.1200,0.1300,0.0071,2
41400.0,42300.0,11:30,1026085894#1,8.7850,8.5900,8.9800,0.2758,0.1250,0.1200,0.1300,0.0071,2
41400.0,42300.0,11:30,1026085894#2,8.7800,8.5800,8.9800,0.2828,0.1250,0.1200,0.1300,0.0071,2
41400.0,42300.0,11:30,104288999,8.9600,8.7200,9.2000,0.3394,0.4950,0.4800,0.5100,0.0212,2
41400.0,42300.0,11:30,1053066061#1,7.5250,6.8100,8.2400,1.0112,0.1450,0.1300,0.1600,0.0212,2
41400.0,42300.0,11:30,1053066062,7.5250,6.8100,8.2400,1.0112,0.1450,0.1300,0.1600,0.0212,2
41400.0,42300.0,11:30,1053066068#2,7.5300,6.8100,8.2500,1.0182,0.1450,0.1300,0.1600,0.0212,2
41400.0,42300.0,11:30,1053066068#4,7.5150,6.8300,8.2000,0.9687,0.1500,0.1400,0.1600,0.0141,2
41400.0,42300.0,11:30,1053979184#1,13.9000,13.9000,13.9000,0.0000,0.0800,0.0800,0.0800,0.0000,2
41400.0,42300.0,11:30,1053979388#0,8.7850,8.5900,8.9800,0.2758,0.1250,0.1200,0.1300,0.0071,2
41400.0,42300.0,11:30,1053979388#2,8.7800,8.5800,8.9800,0.2828,0.1250,0.1200,0.1300,0.0071,2
41400.0,42300.0,11:30,1054418205,8.6600,8.6100,8.7100,0.0707,0.7700,0.7700,0.7700,0.0000,2
41400.0,42300.0,11:30,1058344629,13.1800,12.8800,13.4800,0.4243,0.0850,0.0800,0.0900,0.0071,2
41400.0,42300.0,11:30,1058647170,9.1600,8.9800,9.3400,0.2546,0.6050,0.5900,0.6200,0.0212,2
41400.0,42300.0,11:30,1058647171#0,8.8950,8.8800,8.9100,0.0212,0.7500,0.7500,0.7500,0.0000,2
41400.0,42300.0,11:30,1058647171#1,8.6550,8.5900,8.7200,0.0919,0.1300,0.1300,0.1300,0.0000,2
41400.0,42300.0,11:30,11018592,9.7950,8.9100,10.6800,1.2516,0.2300,0.2100,0.2500,0.0283,2
41400.0,42300.0,11:30,11022533#0,8.6600,8.6100,8.7100,0.0707,0.7650,0.7600,0.7700,0.0071,2
41400.0,42300.0,11:30,11022533#1,8.6600,8.6100,8.7100,0.0707,0.7700,0.7700,0.7700,0.0000,2
41400.0,42300.0,11:30,1112393351,12.8500,12.3400,13.3600,0.7212,0.1750,0.1700,0.1800,0.0071,2
41400.0,42300.0,11:30,1117683359#0,9.6700,8.6100,10.7300,1.4991,0.1150,0.1000,0.1300,0.0212,2
41400.0,42300.0,11:30,1125715810,12.8550,12.3400,13.3700,0.7283,0.1750,0.1700,0.1800,0.0071,2
41400.0,42300.0,11:30,1149713177#0,8.3850,7.7400,9.0300,0.9122,0.1300,0.1200,0.1400,0.0141,2
41400.0,42300.0,11:30,1149713177#1,8.3800,7.7400,9.0200,0.9051,0.1300,0.1200,0.1400,0.0141,2
41400.0,42300.0,11:30,1177239772#0,13.7750,13.6600,13.8900,0.1626,0.3250,0.3200,0.3300,0.0071,2
41400.0,42300.0,11:30,1182960349#0,11.1100,11.1100,11.1100,0.0000,0.1000,0.1000,0.1000,0.0000,2
41400.0,42300.0,11:30,1220287665,12.8550,12.3400,13.3700,0.7283,0.1750,0.1700,0.1800,0.0071,2
41400.0,42300.0,11:30,1267943350#0,8.5700,8.2300,8.9100,0.4808,0.2600,0.2500,0.2700,0.0141,2
41400.0,42300.0,11:30,1267943350#1,8.6100,8.3300,8.8900,0.3960,0.2600,0.2500,0.2700,0.0141,2
41400.0,42300.0,11:30,1267943350#2,8.5700,8.2300,8.9100,0.4808,0.2600,0.2500,0.2700,0.0141,2
41400.0,42300.0,11:30,1301164218#0,8.6550,8.5900,8.7200,0.0919,0.1300,0.1300,0.1300,0.0000,2
41400.0,42300.0,11:30,1301164218#1,8.6550,8.5900,8.7200,0.0919,0.1300,0.1300,0.1300,0.0000,2
41400.0,42300.0,11:30,1301164219,8.6550,8.5900,8.7200,0.0919,0.1300,0.1300,0.1300,0.0000,2
41400.0,42300.0,11:30,1301164220#0,12.9850,12.8900,13.0800,0.1344,0.0850,0.0800,0.0900,0.0071,2
41400.0,42300.0,11:30,1301164220#2,12.9750,12.8800,13.0700,0.1344,0.0900,0.0900,0.0900,0.0000,2
41400.0,42300.0,11:30,1301164221,12.9150,12.5000,13.3300,0.5869,0.0850,0.0800,0.0900,0.0071,2
41400.0,42300.0,11:30,1305563481#0,9.1900,8.8400,9.5400,0.4950,0.1250,0.1200,0.1300,0.0071,2
41400.0,42300.0,11:30,1315301899#0,12.0550,11.9300,12.1800,0.1768,0.1850,0.1800,0.1900,0.0071,2
41400.0,42300.0,11:30,1315301901,9.6750,8.6100,10.7400,1.5061,0.1150,0.1000,0.1300,0.0212,2
41400.0,42300.0,11:30,134063971,8.6600,8.6100,8.7100,0.0707,0.7700,0.7700,0.7700,0.0000,2
41400.0,42300.0,11:30,134063977#0,15.1500,15.1500,15.1500,0.0000,0.1500,0.1500,0.1500,0.0000,2
41400.0,42300.0,11:30,134063977#2,15.1500,15.1500,15.1500,0.0000,0.1500,0.1500,0.1500,0.0000,2
41400.0,42300.0,11:30,134411713#0,8.5100,7.9700,9.0500,0.7637,0.5250,0.4900,0.5600,0.0495,2
41400.0,42300.0,11:30,134411713#2,8.9600,8.5800,9.3400,0.5374,0.5550,0.5200,0.5900,0.0495,2
41400.0,42300.0,11:30,1361717374#2,8.6550,8.6000,8.7100,0.0778,0.7700,0.7700,0.7700,0.0000,2
41400.0,42300.0,11:30,1364018960,12.8400,12.2400,13.4400,0.8485,0.1750,0.1700,0.1800,0.0071,2
41400.0,42300.0,11:30,13715475#1,9.6750,8.6100,10.7400,1.5061,0.1150,0.1000,0.1300,0.0212,2
41400.0,42300.0,11:30,137355170,8.8400,8.5600,9.1200,0.3960,0.1250,0.1200,0.1300,0.0071,2
41400.0,42300.0,11:30,1386297678#0,11.2850,10.2200,12.3500,1.5061,0.1000,0.0900,0.1100,0.0141,2
41400.0,42300.0,11:30,1386311796#1,12.8650,11.8400,13.8900,1.4496,0.0850,0.0800,0.0900,0.0071,2
41400.0,42300.0,11:30,14135257#0,12.8550,12.3400,13.3700,0.7283,0.1750,0.1700,0.1800,0.0071,2
41400.0,42300.0,11:30,14135257#1,12.8550,12.3400,13.3700,0.7283,0.1750,0.1700,0.1800,0.0071,2
41400.0,42300.0,11:30,14135257#2,12.8550,12.3400,13.3700,0.7283,0.1750,0.1700,0.1800,0.0071,2
41400.0,42300.0,11:30,14135257#3,12.8550,12.3400,13.3700,0.7283,0.1750,0.1700,0.1800,0.0071,2
41400.0,42300.0,11:30,1424789401#0,8.3800,7.7400,9.0200,0.9051,0.1300,0.1200,0.1400,0.0141,2
41400.0,42300.0,11:30,1424789401#1,8.3850,7.7400,9.0300,0.9122,0.1300,0.1200,0.1400,0.0141,2
41400.0,42300.0,11:30,1424789402,8.3900,7.6900,9.0900,0.9899,0.1300,0.1200,0.1400,0.0141,2
41400.0,42300.0,11:30,1424789403#0,8.7800,8.5800,8.9800,0.2828,0.1250,0.1200,0.1300,0.0071,2
41400.0,42300.0,11:30,1424789403#1,8.7800,8.5800,8.9800,0.2828,0.1250,0.1200,0.1300,0.0071,2
41400.0,42300.0,11:30,1424789406#0,13.5850,13.2800,13.8900,0.4313,0.0800,0.0800,0.0800,0.0000,2
41400.0,42300.0,11:30,14306575,11.1100,11.1100,11.1100,0.0000,0.1000,0.1000,0.1000,0.0000,2
41400.0,42300.0,11:30,146605605#0,8.8150,8.6900,8.9400,0.1768,0.1250,0.1200,0.1300,0.0071,2
41400.0,42300.0,11:30,146605605#2,8.8100,8.6800,8.9400,0.1838,0.1250,0.1200,0.1300,0.0071,2
41400.0,42300.0,11:30,161182809,9.1600,8.9700,9.3500,0.2687,0.6050,0.5900,0.6200,0.0212,2
41400.0,42300.0,11:30,172336694,9.7300,9.7100,9.7500,0.0283,0.1100,0.1100,0.1100,0.0000,2
41400.0,42300.0,11:30,193230709#0,8.8950,8.7000,9.0900,0.2758,0.1250,0.1200,0.1300,0.0071,2
41400.0,42300.0,11:30,193230709#1,8.9900,8.7500,9.2300,0.3394,0.1250,0.1200,0.1300,0.0071,2
41400.0,42300.0,11:30,230820329#0,9.1900,8.8400,9.5400,0.4950,0.1250,0.1200,0.1300,0.0071,2
41400.0,42300.0,11:30,230820329#1,9.1900,8.8400,9.5400,0.4950,0.1250,0.1200,0.1300,0.0071,2
41400.0,42300.0,11:30,230820329#2,9.1900,8.8400,9.5400,0.4950,0.1250,0.1200,0.1300,0.0071,2
41400.0,42300.0,11:30,230834256#0,8.7600,8.1900,9.3300,0.8061,0.1300,0.1200,0.1400,0.0141,2
41400.0,42300.0,11:30,230834256#1,8.7600,8.1900,9.3300,0.8061,0.1300,0.1200,0.1400,0.0141,2
41400.0,42300.0,11:30,236455763#1,8.7800,8.7800,8.7800,0.0000,0.5100,0.5100,0.5100,0.0000,2
41400.0,42300.0,11:30,2534525#0,8.2200,7.5500,8.8900,0.9475,0.2700,0.2500,0.2900,0.0283,2
41400.0,42300.0,11:30,2534525#1,8.0950,7.4400,8.7500,0.9263,0.2750,0.2500,0.3000,0.0354,2
41400.0,42300.0,11:30,2534525#2,7.6150,6.9000,8.3300,1.0112,0.1450,0.1300,0.1600,0.0212,2
41400.0,42300.0,11:30,2534525#3,7.5250,6.8100,8.2400,1.0112,0.1450,0.1300,0.1600,0.0212,2
41400.0,42300.0,11:30,2535038#0,14.7100,14.7100,14.7100,0.0000,0.2300,0.2300,0.2300,0.0000,2
41400.0,42300.0,11:30,2535038#1,14.7100,14.7100,14.7100,0.0000,0.2300,0.2300,0.2300,0.0000,2
41400.0,42300.0,11:30,2535038#2,14.7100,14.7100,14.7100,0.0000,0.2300,0.2300,0.2300,0.0000,2
41400.0,42300.0,11:30,2535038#4,15.1600,15.1600,15.1600,0.0000,0.1500,0.1500,0.1500,0.0000,2
41400.0,42300.0,11:30,2535039#0,8.9400,8.7300,9.1500,0.2970,0.3700,0.3600,0.3800,0.0141,2
41400.0,42300.0,11:30,2535115#0,8.5700,8.2300,8.9100,0.4808,0.2600,0.2500,0.2700,0.0141,2
41400.0,42300.0,11:30,2535350#1,8.0950,7.6700,8.5200,0.6010,0.2750,0.2600,0.2900,0.0212,2
41400.0,42300.0,11:30,2535350#2,8.1350,7.7200,8.5500,0.5869,0.2750,0.2600,0.2900,0.0212,2
41400.0,42300.0,11:30,2535381#0,8.8150,8.6800,8.9500,0.1909,0.1250,0.1200,0.1300,0.0071,2
41400.0,42300.0,11:30,2535382#0,7.5250,6.8100,8.2400,1.0112,0.1450,0.1300,0.1600,0.0212,2
41400.0,42300.0,11:30,2535383#1,13.6400,13.6400,13.6400,0.0000,0.2400,0.2400,0.2400,0.0000,2
41400.0,42300.0,11:30,2535383#2,13.5200,13.5200,13.5200,0.0000,0.2500,0.2500,0.2500,0.0000,2
41400.0,42300.0,11:30,2535383#4,13.8900,13.8900,13.8900,0.0000,0.0800,0.0800,0.0800,0.0000,2
41400.0,42300.0,11:30,2535383#5,11.1100,11.1100,11.1100,0.0000,0.1000,0.1000,0.1000,0.0000,2
41400.0,42300.0,11:30,2535384#0,8.8900,8.8500,8.9300,0.0566,0.3750,0.3700,0.3800,0.0071,2
41400.0,42300.0,11:30,2541944#2,8.8200,8.6900,8.9500,0.1838,0.1250,0.1200,0.1300,0.0071,2
41400.0,42300.0,11:30,2541944#3,8.8150,8.6800,8.9500,0.1909,0.1250,0.1200,0.1300,0.0071,2
41400.0,42300.0,11:30,2541944#5,8.8150,8.6900,8.9400,0.1768,0.1250,0.1200,0.1300,0.0071,2
41400.0,42300.0,11:30,2541944#6,8.8150,8.6900,8.9400,0.1768,0.1250,0.1200,0.1300,0.0071,2
41400.0,42300.0,11:30,2541944#7,8.8100,8.6800,8.9400,0.1838,0.1250,0.1200,0.1300,0.0071,2
41400.0,42300.0,11:30,2541944#8,8.8200,8.6900,8.9500,0.1838,0.1250,0.1200,0.1300,0.0071,2
41400.0,42300.0,11:30,2541944#9,8.8150,8.6900,8.9400,0.1768,0.1250,0.1200,0.1300,0.0071,2
41400.0,42300.0,11:30,2543134#1,13.5950,13.3100,13.8800,0.4031,0.0800,0.0800,0.0800,0.0000,2
41400.0,42300.0,11:30,2543332#0,9.5000,8.9400,10.0600,0.7920,0.3500,0.3300,0.3700,0.0283,2
41400.0,42300.0,11:30,2543332#1,9.5050,8.9500,10.0600,0.7849,0.3500,0.3300,0.3700,0.0283,2
41400.0,42300.0,11:30,2543333,13.6300,13.2800,13.9800,0.4950,0.1650,0.1600,0.1700,0.0071,2
41400.0,42300.0,11:30,2544440#1,9.6750,8.6100,10.7400,1.5061,0.1150,0.1000,0.1300,0.0212,2
41400.0,42300.0,11:30,2544440#2,9.6700,8.6100,10.7300,1.4991,0.1150,0.1000,0.1300,0.0212,2
41400.0,42300.0,11:30,2570429#3,8.8400,8.5600,9.1200,0.3960,0.1250,0.1200,0.1300,0.0071,2
41400.0,42300.0,11:30,2570542,13.8900,13.8900,13.8900,0.0000,0.1600,0.1600,0.1600,0.0000,2
41400.0,42300.0,11:30,258625107#0,8.3800,7.7400,9.0200,0.9051,0.1300,0.1200,0.1400,0.0141,2
41400.0,42300.0,11:30,258625107#1,8.3850,7.7400,9.0300,0.9122,0.1300,0.1200,0.1400,0.0141,2
41400.0,42300.0,11:30,258625107#2,8.3800,7.7400,9.0200,0.9051,0.1300,0.1200,0.1400,0.0141,2
41400.0,42300.0,11:30,289329430#0,13.8000,13.7100,13.8900,0.1273,0.2400,0.2400,0.2400,0.0000,2
41400.0,42300.0,11:30,289329430#1,13.6350,13.3800,13.8900,0.3606,0.0800,0.0800,0.0800,0.0000,2
41400.0,42300.0,11:30,30278393#1,9.0250,8.6500,9.4000,0.5303,0.2500,0.2400,0.2600,0.0141,2
41400.0,42300.0,11:30,31992815,13.8900,13.8900,13.8900,0.0000,0.1600,0.1600,0.1600,0.0000,2
41400.0,42300.0,11:30,32982950,11.1100,11.1100,11.1100,0.0000,0.1000,0.1000,0.1000,0.0000,2
41400.0,42300.0,11:30,354671651#1,10.8400,10.7200,10.9600,0.1697,0.1000,0.1000,0.1000,0.0000,2
41400.0,42300.0,11:30,361257028#1,8.3800,7.7400,9.0200,0.9051,0.1300,0.1200,0.1400,0.0141,2
41400.0,42300.0,11:30,383327664#0,8.7800,8.7800,8.7800,0.0000,0.5100,0.5100,0.5100,0.0000,2
41400.0,42300.0,11:30,383327664#2,8.7800,8.7800,8.7800,0.0000,0.5100,0.5100,0.5100,0.0000,2
41400.0,42300.0,11:30,384828057#0,8.7800,8.7800,8.7800,0.0000,0.5100,0.5100,0.5100,0.0000,2
41400.0,42300.0,11:30,39646561,13.0200,13.0200,13.0200,0.0000,0.4300,0.4300,0.4300,0.0000,2
41400.0,42300.0,11:30,400886685#1,8.9300,8.6900,9.1700,0.3394,0.1250,0.1200,0.1300,0.0071,2
41400.0,42300.0,11:30,400886689#1,9.0350,8.6500,9.4200,0.5445,0.2500,0.2400,0.2600,0.0141,2
41400.0,42300.0,11:30,401595498,9.2650,9.1800,9.3500,0.1202,0.6000,0.5900,0.6100,0.0141,2
41400.0,42300.0,11:30,41223305,8.8850,8.7900,8.9800,0.1344,0.6250,0.6200,0.6300,0.0071,2
41400.0,42300.0,11:30,41526718#0,8.3900,7.6900,9.0900,0.9899,0.1300,0.1200,0.1400,0.0141,2
41400.0,42300.0,11:30,41754609#0,12.0550,11.9300,12.1800,0.1768,0.1850,0.1800,0.1900,0.0071,2
41400.0,42300.0,11:30,41754609#1,12.0550,11.9300,12.1800,0.1768,0.1850,0.1800,0.1900,0.0071,2
41400.0,42300.0,11:30,427821329#1,8.9600,8.7200,9.2000,0.3394,0.4950,0.4800,0.5100,0.0212,2
41400.0,42300.0,11:30,427821329#2,9.0250,8.7700,9.2800,0.3606,0.3700,0.3600,0.3800,0.0141,2
41400.0,42300.0,11:30,429206409,8.7800,8.7800,8.7800,0.0000,0.5100,0.5100,0.5100,0.0000,2
41400.0,42300.0,11:30,449880197#0,8.5700,8.2300,8.9100,0.4808,0.2600,0.2500,0.2700,0.0141,2
41400.0,42300.0,11:30,450227283#1,8.9850,8.8100,9.1600,0.2475,0.3700,0.3600,0.3800,0.0141,2
41400.0,42300.0,11:30,450227283#2,8.9900,8.8200,9.1600,0.2404,0.3700,0.3600,0.3800,0.0141,2
41400.0,42300.0,11:30,451081200,13.6300,13.2800,13.9800,0.4950,0.1650,0.1600,0.1700,0.0071,2
41400.0,42300.0,11:30,452105746#0,8.5700,8.2300,8.9100,0.4808,0.2600,0.2500,0.2700,0.0141,2
41400.0,42300.0,11:30,452105746#1,8.5650,8.2200,8.9100,0.4879,0.2600,0.2500,0.2700,0.0141,2
41400.0,42300.0,11:30,452105747,8.5650,8.2200,8.9100,0.4879,0.2600,0.2500,0.2700,0.0141,2
41400.0,42300.0,11:30,455063592,13.6700,13.4500,13.8900,0.3111,0.1100,0.1100,0.1100,0.0000,2
41400.0,42300.0,11:30,455476281#0,8.8250,8.6500,9.0000,0.2475,0.2550,0.2500,0.2600,0.0071,2
41400.0,42300.0,11:30,455476281#1,8.8250,8.6500,9.0000,0.2475,0.2550,0.2500,0.2600,0.0071,2
41400.0,42300.0,11:30,456194040#0,13.8900,13.8900,13.8900,0.0000,0.0800,0.0800,0.0800,0.0000,2
41400.0,42300.0,11:30,456194040#3,13.8900,13.8900,13.8900,0.0000,0.0800,0.0800,0.0800,0.0000,2
41400.0,42300.0,11:30,4609278,13.8900,13.8900,13.8900,0.0000,0.1600,0.1600,0.1600,0.0000,2
41400.0,42300.0,11:30,461119579,13.1800,12.8800,13.4800,0.4243,0.0850,0.0800,0.0900,0.0071,2
41400.0,42300.0,11:30,4692270#2,8.7850,8.5900,8.9800,0.2758,0.1250,0.1200,0.1300,0.0071,2
41400.0,42300.0,11:30,4692270#3,8.7900,8.5900,8.9900,0.2828,0.1250,0.1200,0.1300,0.0071,2
41400.0,42300.0,11:30,4725794#1,13.8900,13.8900,13.8900,0.0000,0.0800,0.0800,0.0800,0.0000,2
41400.0,42300.0,11:30,4725918#0,13.6600,13.4600,13.8600,0.2828,0.0800,0.0800,0.0800,0.0000,2
41400.0,42300.0,11:30,4725918#1,13.6950,13.5000,13.8900,0.2758,0.0800,0.0800,0.0800,0.0000,2
41400.0,42300.0,11:30,4725918#2,13.8100,13.3300,14.2900,0.6788,0.0800,0.0800,0.0800,0.0000,2
41400.0,42300.0,11:30,4725918#3,13.8100,13.3300,14.2900,0.6788,0.0800,0.0800,0.0800,0.0000,2
41400.0,42300.0,11:30,4725920#0,9.4800,8.9600,10.0000,0.7354,0.3500,0.3300,0.3700,0.0283,2
41400.0,42300.0,11:30,4725920#1,9.4800,8.9600,10.0000,0.7354,0.3500,0.3300,0.3700,0.0283,2
41400.0,42300.0,11:30,4725920#2,9.3500,8.8800,9.8200,0.6647,0.4750,0.4500,0.5000,0.0354,2
41400.0,42300.0,11:30,4725920#3,9.3550,8.8800,9.8300,0.6718,0.4750,0.4500,0.5000,0.0354,2
41400.0,42300.0,11:30,4728900#1,8.5700,8.2300,8.9100,0.4808,0.2600,0.2500,0.2700,0.0141,2
41400.0,42300.0,11:30,538540588#0,8.3800,7.7400,9.0200,0.9051,0.1300,0.1200,0.1400,0.0141,2
41400.0,42300.0,11:30,538540588#1,8.3800,7.7400,9.0200,0.9051,0.1300,0.1200,0.1400,0.0141,2
41400.0,42300.0,11:30,609715705,8.3800,7.7400,9.0200,0.9051,0.1300,0.1200,0.1400,0.0141,2
41400.0,42300.0,11:30,631597723#0,8.3800,7.7400,9.0200,0.9051,0.1300,0.1200,0.1400,0.0141,2
41400.0,42300.0,11:30,645694987#1,9.6700,8.6100,10.7300,1.4991,0.1150,0.1000,0.1300,0.0212,2
41400.0,42300.0,11:30,645694987#2,9.6700,8.6100,10.7300,1.4991,0.1150,0.1000,0.1300,0.0212,2
41400.0,42300.0,11:30,650010534,13.1800,12.8800,13.4800,0.4243,0.0850,0.0800,0.0900,0.0071,2
41400.0,42300.0,11:30,650010537,12.0450,11.4700,12.6200,0.8132,0.1850,0.1800,0.1900,0.0071,2
41400.0,42300.0,11:30,661903030,8.6550,8.6000,8.7100,0.0778,0.7750,0.7700,0.7800,0.0071,2
41400.0,42300.0,11:30,673497910#1,8.8100,8.6800,8.9400,0.1838,0.1250,0.1200,0.1300,0.0071,2
41400.0,42300.0,11:30,68756012#1,12.9800,12.8900,13.0700,0.1273,0.0850,0.0800,0.0900,0.0071,2
41400.0,42300.0,11:30,68756016#0,8.6550,8.5900,8.7200,0.0919,0.1300,0.1300,0.1300,0.0000,2
41400.0,42300.0,11:30,68756016#2,8.6550,8.5900,8.7200,0.0919,0.1300,0.1300,0.1300,0.0000,2
41400.0,42300.0,11:30,68756016#3,8.6600,8.6000,8.7200,0.0849,0.1300,0.1300,0.1300,0.0000,2
41400.0,42300.0,11:30,68756019#1,11.2850,10.2100,12.3600,1.5203,0.1000,0.0900,0.1100,0.0141,2
41400.0,42300.0,11:30,68756019#3,11.2900,10.2000,12.3800,1.5415,0.1000,0.0900,0.1100,0.0141,2
41400.0,42300.0,11:30,68756023#1,13.1750,12.8800,13.4700,0.4172,0.0850,0.0800,0.0900,0.0071,2
41400.0,42300.0,11:30,68756027#0,12.8650,11.8400,13.8900,1.4496,0.0850,0.0800,0.0900,0.0071,2
41400.0,42300.0,11:30,68756043#0,13.1750,12.8800,13.4700,0.4172,0.0850,0.0800,0.0900,0.0071,2
41400.0,42300.0,11:30,68756043#1,13.1700,12.8800,13.4600,0.4101,0.0850,0.0800,0.0900,0.0071,2
41400.0,42300.0,11:30,68756101,12.9150,12.5000,13.3300,0.5869,0.0850,0.0800,0.0900,0.0071,2
41400.0,42300.0,11:30,717611302,12.8550,12.3400,13.3700,0.7283,0.1750,0.1700,0.1800,0.0071,2
41400.0,42300.0,11:30,717611307#0,12.8500,12.3400,13.3600,0.7212,0.1750,0.1700,0.1800,0.0071,2
41400.0,42300.0,11:30,717611307#1,12.7250,12.1200,13.3300,0.8556,0.1750,0.1700,0.1800,0.0071,2
41400.0,42300.0,11:30,723584180#0,8.5750,8.3000,8.8500,0.3889,0.2600,0.2500,0.2700,0.0141,2
41400.0,42300.0,11:30,723584180#1,8.5750,8.3000,8.8500,0.3889,0.2600,0.2500,0.2700,0.0141,2
41400.0,42300.0,11:30,729244957#1,12.8650,11.8400,13.8900,1.4496,0.0850,0.0800,0.0900,0.0071,2
41400.0,42300.0,11:30,750809955#0,8.7600,8.1900,9.3300,0.8061,0.1300,0.1200,0.1400,0.0141,2
41400.0,42300.0,11:30,79633771#0,8.6600,8.6100,8.7100,0.0707,0.7700,0.7700,0.7700,0.0000,2
41400.0,42300.0,11:30,79633771#2,8.6600,8.6100,8.7100,0.0707,0.7700,0.7700,0.7700,0.0000,2
41400.0,42300.0,11:30,830416769,12.7250,12.1200,13.3300,0.8556,0.1750,0.1700,0.1800,0.0071,2
41400.0,42300.0,11:30,83207316,12.8550,12.3400,13.3700,0.7283,0.1750,0.1700,0.1800,0.0071,2
41400.0,42300.0,11:30,858813353,12.9800,12.8900,13.0700,0.1273,0.0850,0.0800,0.0900,0.0071,2
41400.0,42300.0,11:30,858813354#0,13.1750,12.8800,13.4700,0.4172,0.0850,0.0800,0.0900,0.0071,2
41400.0,42300.0,11:30,887871736#0,13.6350,13.2800,13.9900,0.5020,0.1650,0.1600,0.1700,0.0071,2
41400.0,42300.0,11:30,887871736#1,13.6400,13.3300,13.9500,0.4384,0.1650,0.1600,0.1700,0.0071,2
41400.0,42300.0,11:30,912997280,8.5700,8.2300,8.9100,0.4808,0.2600,0.2500,0.2700,0.0141,2
41400.0,42300.0,11:30,913001041,13.8900,13.8900,13.8900,0.0000,0.1600,0.1600,0.1600,0.0000,2
41400.0,42300.0,11:30,913008650,12.7250,12.1200,13.3300,0.8556,0.1750,0.1700,0.1800,0.0071,2
41400.0,42300.0,11:30,926028935#0,8.6600,8.6100,8.7100,0.0707,0.7700,0.7700,0.7700,0.0000,2
41400.0,42300.0,11:30,939067975#0,10.8400,10.7200,10.9600,0.1697,0.1000,0.1000,0.1000,0.0000,2
41400.0,42300.0,11:30,939067975#1,10.8350,10.7200,10.9500,0.1626,0.1000,0.1000,0.1000,0.0000,2
41400.0,42300.0,11:30,94541123,11.1100,11.1100,11.1100,0.0000,0.1000,0.1000,0.1000,0.0000,2
41400.0,42300.0,11:30,956982233#1,8.8250,8.6500,9.0000,0.2475,0.2550,0.2500,0.2600,0.0071,2
41400.0,42300.0,11:30,985837487,13.5100,13.5100,13.5100,0.0000,0.2500,0.2500,0.2500,0.0000,2
42300.0,43200.0,11:45,-1026845806,13.8900,13.8900,13.8900,0.0000,0.0800,0.0800,0.0800,0.0000,2
42300.0,43200.0,11:45,-104288999,8.6650,8.3300,9.0000,0.4738,0.1250,0.1200,0.1300,0.0071,2
42300.0,43200.0,11:45,-1053066061#2,9.4250,9.1800,9.6700,0.3465,0.1150,0.1100,0.1200,0.0071,2
42300.0,43200.0,11:45,-1053066068#1,9.4250,9.1800,9.6700,0.3465,0.1150,0.1100,0.1200,0.0071,2
42300.0,43200.0,11:45,-1054418205,7.9250,7.7200,8.1300,0.2899,0.1400,0.1400,0.1400,0.0000,2
42300.0,43200.0,11:45,-11022533#0,7.9350,7.7400,8.1300,0.2758,0.1400,0.1400,0.1400,0.0000,2
42300.0,43200.0,11:45,-11022533#2,7.9250,7.7200,8.1300,0.2899,0.1400,0.1400,0.1400,0.0000,2
42300.0,43200.0,11:45,-1177239769,13.8900,13.8900,13.8900,0.0000,0.0800,0.0800,0.0800,0.0000,1
42300.0,43200.0,11:45,-1301164218#0,9.3150,9.1800,9.4500,0.1909,0.2400,0.2400,0.2400,0.0000,2
42300.0,43200.0,11:45,-1301164218#3,9.3150,9.1800,9.4500,0.1909,0.2400,0.2400,0.2400,0.0000,2
42300.0,43200.0,11:45,-1301164219,9.3150,9.1800,9.4500,0.1909,0.2400,0.2400,0.2400,0.0000,2
42300.0,43200.0,11:45,-134063977#1,14.7000,14.7000,14.7000,0.0000,0.2300,0.2300,0.2300,0.0000,2
42300.0,43200.0,11:45,-135706987#0,13.8900,13.8900,13.8900,0.0000,0.0800,0.0800,0.0800,0.0000,2
42300.0,43200.0,11:45,-13715475#1,8.9950,8.7600,9.2300,0.3323,0.2450,0.2400,0.2500,0.0071,2
42300.0,43200.0,11:45,-236455763#2,7.9250,7.7200,8.1300,0.2899,0.1400,0.1400,0.1400,0.0000,2
42300.0,43200.0,11:45,-23685578#0,13.8900,13.8900,13.8900,0.0000,0.0800,0.0800,0.0800,0.0000,2
42300.0,43200.0,11:45,-23685578#1,13.8900,13.8900,13.8900,0.0000,0.0800,0.0800,0.0800,0.0000,2
42300.0,43200.0,11:45,-2535038#0,14.4900,14.4900,14.4900,0.0000,0.3100,0.3100,0.3100,0.0000,2
42300.0,43200.0,11:45,-2535038#1,14.4900,14.4900,14.4900,0.0000,0.3100,0.3100,0.3100,0.0000,2
42300.0,43200.0,11:45,-2535038#3,14.4900,14.4900,14.4900,0.0000,0.3100,0.3100,0.3100,0.0000,2
42300.0,43200.0,11:45,-2535038#4,14.6900,14.6900,14.6900,0.0000,0.2300,0.2300,0.2300,0.0000,2
42300.0,43200.0,11:45,-2535039#2,9.1900,9.0900,9.2900,0.1414,0.4850,0.4800,0.4900,0.0071,2
42300.0,43200.0,11:45,-2535114#2,13.8900,13.8900,13.8900,0.0000,0.0800,0.0800,0.0800,0.0000,1
42300.0,43200.0,11:45,-2535114#3,13.1500,12.4100,13.8900,1.0465,0.0850,0.0800,0.0900,0.0071,2
42300.0,43200.0,11:45,-2535115#1,8.8000,8.2600,9.3400,0.7637,0.1250,0.1200,0.1300,0.0071,2
42300.0,43200.0,11:45,-2535383#4,13.8900,13.8900,13.8900,0.0000,0.0800,0.0800,0.0800,0.0000,2
42300.0,43200.0,11:45,-2543332#0,8.4000,7.8300,8.9700,0.8061,0.1300,0.1200,0.1400,0.0141,2
42300.0,43200.0,11:45,-2543332#1,8.4050,7.8300,8.9800,0.8132,0.1300,0.1200,0.1400,0.0141,2
42300.0,43200.0,11:45,-2543332#4,8.4000,7.8300,8.9700,0.8061,0.1300,0.1200,0.1400,0.0141,2
42300.0,43200.0,11:45,-2543333,12.9250,12.9000,12.9500,0.0354,0.2600,0.2600,0.2600,0.0000,2
42300.0,43200.0,11:45,-28907929#1,13.8900,13.8900,13.8900,0.0000,0.0800,0.0800,0.0800,0.0000,2
42300.0,43200.0,11:45,-30118272#0,13.7100,13.5300,13.8900,0.2546,0.0800,0.0800,0.0800,0.0000,2
42300.0,43200.0,11:45,-30118272#1,13.7100,13.5300,13.8900,0.2546,0.0800,0.0800,0.0800,0.0000,2
42300.0,43200.0,11:45,-30118272#2,13.7050,13.5200,13.8900,0.2616,0.0800,0.0800,0.0800,0.0000,2
42300.0,43200.0,11:45,-30118272#3,13.8100,13.3300,14.2900,0.6788,0.0800,0.0800,0.0800,0.0000,2
42300.0,43200.0,11:45,-30118272#5,13.7100,13.5300,13.8900,0.2546,0.0800,0.0800,0.0800,0.0000,2
42300.0,43200.0,11:45,-30278393#0,8.6650,8.3300,9.0000,0.4738,0.1250,0.1200,0.1300,0.0071,2
42300.0,43200.0,11:45,-30278393#1,8.6650,8.3300,9.0000,0.4738,0.1250,0.1200,0.1300,0.0071,2
42300.0,43200.0,11:45,-361257028#0,9.1250,8.9100,9.3400,0.3041,0.2450,0.2400,0.2500,0.0071,2
42300.0,43200.0,11:45,-380310114#3,8.4000,7.8300,8.9700,0.8061,0.1300,0.1200,0.1400,0.0141,2
42300.0,43200.0,11:45,-38101989#3,13.8900,13.8900,13.8900,0.0000,0.0800,0.0800,0.0800,0.0000,2
42300.0,43200.0,11:45,-383327664#1,7.9250,7.7200,8.1300,0.2899,0.1400,0.1400,0.1400,0.0000,2
42300.0,43200.0,11:45,-383327664#3,7.9250,7.7200,8.1300,0.2899,0.1400,0.1400,0.1400,0.0000,2
42300.0,43200.0,11:45,-384828057#1,7.9250,7.7200,8.1300,0.2899,0.1400,0.1400,0.1400,0.0000,2
42300.0,43200.0,11:45,-400886689#0,8.2000,8.0800,8.3200,0.1697,0.2200,0.2000,0.2400,0.0283,2
42300.0,43200.0,11:45,-400886691#0,7.9250,7.7200,8.1300,0.2899,0.1400,0.1400,0.1400,0.0000,2
42300.0,43200.0,11:45,-427821329#1,8.7800,8.5600,9.0000,0.3111,0.5050,0.4900,0.5200,0.0212,2
42300.0,43200.0,11:45,-427821329#2,8.7900,8.5700,9.0100,0.3111,0.5050,0.4900,0.5200,0.0212,2
42300.0,43200.0,11:45,-429206409,7.9250,7.7200,8.1300,0.2899,0.1400,0.1400,0.1400,0.0000,2
42300.0,43200.0,11:45,-450227283#1,8.2650,8.1400,8.3900,0.1768,0.2650,0.2600,0.2700,0.0071,2
42300.0,43200.0,11:45,-451081200,12.3100,12.0100,12.6100,0.4243,0.0900,0.0900,0.0900,0.0000,2
42300.0,43200.0,11:45,-452105746#0,8.3400,7.9800,8.7000,0.5091,0.2700,0.2600,0.2800,0.0141,2
42300.0,43200.0,11:45,-452105746#1,8.3400,7.9800,8.7000,0.5091,0.2700,0.2600,0.2800,0.0141,2
42300.0,43200.0,11:45,-452105747,8.8000,8.2600,9.3400,0.7637,0.1250,0.1200,0.1300,0.0071,2
42300.0,43200.0,11:45,-661903030,7.9200,7.7100,8.1300,0.2970,0.1400,0.1400,0.1400,0.0000,2
42300.0,43200.0,11:45,-68756016#1,9.3150,9.1800,9.4500,0.1909,0.2400,0.2400,0.2400,0.0000,2
42300.0,43200.0,11:45,-68756016#2,9.3200,9.1800,9.4600,0.1980,0.2400,0.2400,0.2400,0.0000,2
42300.0,43200.0,11:45,-68756016#3,9.3150,9.1800,9.4500,0.1909,0.2400,0.2400,0.2400,0.0000,2
42300.0,43200.0,11:45,-79633771#1,7.9250,7.7200,8.1300,0.2899,0.1400,0.1400,0.1400,0.0000,2
42300.0,43200.0,11:45,-79633771#2,7.9250,7.7200,8.1300,0.2899,0.1400,0.1400,0.1400,0.0000,2
42300.0,43200.0,11:45,-887871736#0,12.3150,11.9900,12.6400,0.4596,0.0900,0.0900,0.0900,0.0000,2
42300.0,43200.0,11:45,-887871736#1,12.3150,11.9500,12.6800,0.5162,0.0900,0.0900,0.0900,0.0000,2
42300.0,43200.0,11:45,-926028935#1,7.9250,7.7200,8.1300,0.2899,0.1400,0.1400,0.1400,0.0000,2
42300.0,43200.0,11:45,-928691979#0,14.7100,14.7100,14.7100,0.0000,0.2300,0.2300,0.2300,0.0000,2
42300.0,43200.0,11:45,1053066061#1,9.4250,9.1800,9.6700,0.3465,0.1150,0.1100,0.1200,0.0071,2
42300.0,43200.0,11:45,1053066062,9.0350,8.3100,9.7600,1.0253,0.2500,0.2300,0.2700,0.0283,2
42300.0,43200.0,11:45,1053066068#2,9.0400,8.3100,9.7700,1.0324,0.2500,0.2300,0.2700,0.0283,2
42300.0,43200.0,11:45,1053066068#4,9.0200,8.2800,9.7600,1.0465,0.2500,0.2300,0.2700,0.0283,2
42300.0,43200.0,11:45,1054418205,9.3150,9.1800,9.4500,0.1909,0.2400,0.2400,0.2400,0.0000,2
42300.0,43200.0,11:45,1058344629,13.6600,13.4500,13.8700,0.2970,0.1650,0.1600,0.1700,0.0071,2
42300.0,43200.0,11:45,1058647170,9.3150,9.1800,9.4500,0.1909,0.2400,0.2400,0.2400,0.0000,2
42300.0,43200.0,11:45,1059369989,9.4300,9.1800,9.6800,0.3536,0.1150,0.1100,0.1200,0.0071,2
42300.0,43200.0,11:45,1082662006,12.5450,11.7600,13.3300,1.1102,0.0850,0.0800,0.0900,0.0071,2
42300.0,43200.0,11:45,1082665464,12.6000,11.7500,13.4500,1.2021,0.0850,0.0800,0.0900,0.0071,2
42300.0,43200.0,11:45,11018592,8.6100,8.3700,8.8500,0.3394,0.5150,0.5000,0.5300,0.0212,2
42300.0,43200.0,11:45,11022533#0,9.3250,9.1900,9.4600,0.1909,0.2400,0.2400,0.2400,0.0000,2
42300.0,43200.0,11:45,11022533#1,9.3150,9.1800,9.4500,0.1909,0.2400,0.2400,0.2400,0.0000,2
42300.0,43200.0,11:45,1112393351,13.7450,13.5500,13.9400,0.2758,0.2450,0.2400,0.2500,0.0071,2
42300.0,43200.0,11:45,1117683359#0,8.7950,8.2500,9.3400,0.7707,0.1250,0.1200,0.1300,0.0071,2
42300.0,43200.0,11:45,1125715810,13.7150,13.5400,13.8900,0.2475,0.2450,0.2400,0.2500,0.0071,2
42300.0,43200.0,11:45,1134793482,9.3600,9.2800,9.4400,0.1131,0.1200,0.1200,0.1200,0.0000,2
42300.0,43200.0,11:45,1149713177#0,8.6650,8.3300,9.0000,0.4738,0.1250,0.1200,0.1300,0.0071,2
42300.0,43200.0,11:45,1149713177#1,8.6650,8.3300,9.0000,0.4738,0.1250,0.1200,0.1300,0.0071,2
42300.0,43200.0,11:45,1149713183,9.0250,8.7100,9.3400,0.4455,0.1250,0.1200,0.1300,0.0071,2
42300.0,43200.0,11:45,1149713184,9.0250,8.7100,9.3400,0.4455,0.1250,0.1200,0.1300,0.0071,2
42300.0,43200.0,11:45,1177239769,13.3800,12.8700,13.8900,0.7212,0.1650,0.1600,0.1700,0.0071,2
42300.0,43200.0,11:45,1177239772#0,12.7000,12.5300,12.8700,0.2404,0.1750,0.1700,0.1800,0.0071,2
42300.0,43200.0,11:45,1220287663,12.6050,11.7500,13.4600,1.2092,0.0850,0.0800,0.0900,0.0071,2
42300.0,43200.0,11:45,1220287665,13.4100,13.0400,13.7800,0.5233,0.3300,0.3200,0.3400,0.0141,2
42300.0,43200.0,11:45,1220287666,12.6050,11.7500,13.4600,1.2092,0.0850,0.0800,0.0900,0.0071,2
42300.0,43200.0,11:45,1262900082,14.2900,14.2900,14.2900,0.0000,0.0800,0.0800,0.0800,0.0000,2
42300.0,43200.0,11:45,1262906171#0,14.2900,14.2900,14.2900,0.0000,0.0800,0.0800,0.0800,0.0000,2
42300.0,43200.0,11:45,1262906171#1,13.9000,13.9000,13.9000,0.0000,0.0800,0.0800,0.0800,0.0000,2
42300.0,43200.0,11:45,1267943350#0,9.5850,9.4800,9.6900,0.1485,0.3450,0.3400,0.3500,0.0071,2
42300.0,43200.0,11:45,1267943350#1,9.5300,9.3800,9.6800,0.2121,0.3500,0.3400,0.3600,0.0141,2
42300.0,43200.0,11:45,1267943350#2,9.5800,9.4800,9.6800,0.1414,0.3450,0.3400,0.3500,0.0071,2
42300.0,43200.0,11:45,1315301899#0,13.8900,13.8900,13.8900,0.0000,0.1600,0.1600,0.1600,0.0000,2
42300.0,43200.0,11:45,1315301901,8.8000,8.2600,9.3400,0.7637,0.1250,0.1200,0.1300,0.0071,2
42300.0,43200.0,11:45,133499410#1,13.0250,11.7600,14.2900,1.7890,0.0850,0.0800,0.0900,0.0071,2
42300.0,43200.0,11:45,133499410#2,12.8400,11.7900,13.8900,1.4849,0.0850,0.0800,0.0900,0.0071,2
42300.0,43200.0,11:45,134063971,9.3150,9.1800,9.4500,0.1909,0.2400,0.2400,0.2400,0.0000,2
42300.0,43200.0,11:45,134063977#0,13.9000,13.9000,13.9000,0.0000,0.0800,0.0800,0.0800,0.0000,2
42300.0,43200.0,11:45,134063977#2,13.8900,13.8900,13.8900,0.0000,0.0800,0.0800,0.0800,0.0000,2
42300.0,43200.0,11:45,134136443,8.4000,7.8300,8.9700,0.8061,0.1300,0.1200,0.1400,0.0141,2
42300.0,43200.0,11:45,134411713#0,9.3150,9.1800,9.4500,0.1909,0.2400,0.2400,0.2400,0.0000,2
42300.0,43200.0,11:45,134411713#2,9.3150,9.1800,9.4500,0.1909,0.2400,0.2400,0.2400,0.0000,2
42300.0,43200.0,11:45,1361717374#2,9.3100,9.1700,9.4500,0.1980,0.2400,0.2400,0.2400,0.0000,2
42300.0,43200.0,11:45,1364018960,13.5950,13.5200,13.6700,0.1061,0.2450,0.2400,0.2500,0.0071,2
42300.0,43200.0,11:45,137355170,8.7200,7.5900,9.8500,1.5981,0.1300,0.1100,0.1500,0.0283,2
42300.0,43200.0,11:45,1386311794,13.8900,13.8900,13.8900,0.0000,0.0800,0.0800,0.0800,0.0000,2
42300.0,43200.0,11:45,14135257#0,13.7150,13.5400,13.8900,0.2475,0.2450,0.2400,0.2500,0.0071,2
42300.0,43200.0,11:45,14135257#1,13.7150,13.5400,13.8900,0.2475,0.2450,0.2400,0.2500,0.0071,2
42300.0,43200.0,11:45,14135257#2,13.7150,13.5400,13.8900,0.2475,0.2450,0.2400,0.2500,0.0071,2
42300.0,43200.0,11:45,14135257#3,13.7150,13.5400,13.8900,0.2475,0.2450,0.2400,0.2500,0.0071,2
42300.0,43200.0,11:45,1424789401#0,8.6650,8.3300,9.0000,0.4738,0.1250,0.1200,0.1300,0.0071,2
42300.0,43200.0,11:45,1424789401#1,8.6700,8.3400,9.0000,0.4667,0.1250,0.1200,0.1300,0.0071,2
42300.0,43200.0,11:45,1424789402,8.7100,8.3300,9.0900,0.5374,0.1250,0.1200,0.1300,0.0071,2
42300.0,43200.0,11:45,1424789403#0,9.4950,9.4200,9.5700,0.1061,0.2350,0.2300,0.2400,0.0071,2
42300.0,43200.0,11:45,1424789403#1,9.4950,9.4200,9.5700,0.1061,0.2350,0.2300,0.2400,0.0071,2
42300.0,43200.0,11:45,1424789406#0,12.8450,11.8000,13.8900,1.4779,0.0850,0.0800,0.0900,0.0071,2
42300.0,43200.0,11:45,14306575,13.6300,13.3700,13.8900,0.3677,0.1650,0.1600,0.1700,0.0071,2
42300.0,43200.0,11:45,146605605#0,9.0700,9.0100,9.1300,0.0849,0.2450,0.2400,0.2500,0.0071,2
42300.0,43200.0,11:45,161182809,9.3150,9.1800,9.4500,0.1909,0.2400,0.2400,0.2400,0.0000,2
42300.0,43200.0,11:45,17242098#0,13.4200,12.9500,13.8900,0.6647,0.0850,0.0800,0.0900,0.0071,2
42300.0,43200.0,11:45,180313997,13.4200,12.9500,13.8900,0.6647,0.0850,0.0800,0.0900,0.0071,2
42300.0,43200.0,11:45,193230709#0,8.7000,8.7000,8.7000,0.0000,0.1300,0.1300,0.1300,0.0000,2
42300.0,43200.0,11:45,193230709#1,8.6550,8.5900,8.7200,0.0919,0.1300,0.1300,0.1300,0.0000,2
42300.0,43200.0,11:45,230834256#0,9.6200,9.2500,9.9900,0.5233,0.1150,0.1100,0.1200,0.0071,2
42300.0,43200.0,11:45,230834256#1,9.6200,9.2500,9.9900,0.5233,0.1150,0.1100,0.1200,0.0071,2
42300.0,43200.0,11:45,230834613#0,8.7150,7.5800,9.8500,1.6051,0.1300,0.1100,0.1500,0.0283,2
42300.0,43200.0,11:45,230834613#1,8.7200,7.5900,9.8500,1.5981,0.1300,0.1100,0.1500,0.0283,2
42300.0,43200.0,11:45,230834613#2,8.7200,7.5900,9.8500,1.5981,0.1300,0.1100,0.1500,0.0283,2
42300.0,43200.0,11:45,236455763#1,9.1900,9.0900,9.2900,0.1414,0.4850,0.4800,0.4900,0.0071,2
42300.0,43200.0,11:45,2534525#0,9.3050,9.0900,9.5200,0.3041,0.1200,0.1200,0.1200,0.0000,2
42300.0,43200.0,11:45,2534525#1,9.4250,9.1800,9.6700,0.3465,0.1150,0.1100,0.1200,0.0071,2
42300.0,43200.0,11:45,2534525#2,9.3050,9.0900,9.5200,0.3041,0.1200,0.1200,0.1200,0.0000,2
42300.0,43200.0,11:45,2534525#3,9.4250,9.1800,9.6700,0.3465,0.1150,0.1100,0.1200,0.0071,2
42300.0,43200.0,11:45,2535038#0,13.8900,13.8900,13.8900,0.0000,0.0800,0.0800,0.0800,0.0000,2
42300.0,43200.0,11:45,2535038#1,13.8900,13.8900,13.8900,0.0000,0.0800,0.0800,0.0800,0.0000,2
42300.0,43200.0,11:45,2535038#2,13.8900,13.8900,13.8900,0.0000,0.0800,0.0800,0.0800,0.0000,2
42300.0,43200.0,11:45,2535038#4,13.8200,13.8200,13.8200,0.0000,0.0800,0.0800,0.0800,0.0000,2
42300.0,43200.0,11:45,2535039#0,7.9250,7.7200,8.1300,0.2899,0.1400,0.1400,0.1400,0.0000,2
42300.0,43200.0,11:45,2535114#2,13.5000,13.1100,13.8900,0.5515,0.1650,0.1600,0.1700,0.0071,2
42300.0,43200.0,11:45,2535114#3,13.1500,12.4100,13.8900,1.0465,0.0850,0.0800,0.0900,0.0071,2
42300.0,43200.0,11:45,2535115#0,9.3950,9.2500,9.5400,0.2051,0.5900,0.5800,0.6000,0.0141,2
42300.0,43200.0,11:45,2535350#1,9.3900,9.2000,9.5800,0.2687,0.1200,0.1200,0.1200,0.0000,2
42300.0,43200.0,11:45,2535350#2,9.4250,9.1800,9.6700,0.3465,0.1150,0.1100,0.1200,0.0071,2
42300.0,43200.0,11:45,2535382#0,9.4300,9.1800,9.6800,0.3536,0.1150,0.1100,0.1200,0.0071,2
42300.0,43200.0,11:45,2541828#0,12.6100,11.7600,13.4600,1.2021,0.0850,0.0800,0.0900,0.0071,2
42300.0,43200.0,11:45,2541828#1,12.6050,11.7500,13.4600,1.2092,0.0850,0.0800,0.0900,0.0071,2
42300.0,43200.0,11:45,2543096,12.6050,11.7500,13.4600,1.2092,0.0850,0.0800,0.0900,0.0071,2
42300.0,43200.0,11:45,2543134#1,12.8350,11.7900,13.8800,1.4779,0.0850,0.0800,0.0900,0.0071,2
42300.0,43200.0,11:45,2543332#0,8.3000,8.0600,8.5400,0.3394,0.2700,0.2600,0.2800,0.0141,2
42300.0,43200.0,11:45,2543332#1,8.2950,8.0600,8.5300,0.3323,0.2700,0.2600,0.2800,0.0141,2
42300.0,43200.0,11:45,2543333,13.8500,13.8100,13.8900,0.0566,0.0800,0.0800,0.0800,0.0000,2
42300.0,43200.0,11:45,2543354#1,8.6550,8.5900,8.7200,0.0919,0.1300,0.1300,0.1300,0.0000,2
42300.0,43200.0,11:45,2544440#1,8.8000,8.2600,9.3400,0.7637,0.1250,0.1200,0.1300,0.0071,2
42300.0,43200.0,11:45,2544440#2,8.8000,8.2600,9.3400,0.7637,0.1250,0.1200,0.1300,0.0071,2
42300.0,43200.0,11:45,2544465#1,8.6650,8.3300,9.0000,0.4738,0.1250,0.1200,0.1300,0.0071,2
42300.0,43200.0,11:45,2570429#0,9.5550,9.3700,9.7400,0.2616,0.2350,0.2300,0.2400,0.0071,2
42300.0,43200.0,11:45,2570429#1,9.5550,9.3700,9.7400,0.2616,0.2350,0.2300,0.2400,0.0071,2
42300.0,43200.0,11:45,2570429#2,9.5300,9.3000,9.7600,0.3253,0.2350,0.2300,0.2400,0.0071,2
42300.0,43200.0,11:45,2570429#3,9.5800,9.4800,9.6800,0.1414,0.3450,0.3400,0.3500,0.0071,2
42300.0,43200.0,11:45,2570542,13.8900,13.8900,13.8900,0.0000,0.2400,0.2400,0.2400,0.0000,2
42300.0,43200.0,11:45,258625107#0,8.6650,8.3300,9.0000,0.4738,0.1250,0.1200,0.1300,0.0071,2
42300.0,43200.0,11:45,258625107#1,8.6650,8.3300,9.0000,0.4738,0.1250,0.1200,0.1300,0.0071,2
42300.0,43200.0,11:45,258625107#2,8.6650,8.3300,9.0000,0.4738,0.1250,0.1200,0.1300,0.0071,2
42300.0,43200.0,11:45,262609617,13.8900,13.8900,13.8900,0.0000,0.0800,0.0800,0.0800,0.0000,2
42300.0,43200.0,11:45,28907928#0,13.8900,13.8900,13.8900,0.0000,0.0800,0.0800,0.0800,0.0000,2
42300.0,43200.0,11:45,28907928#1,14.2900,14.2900,14.2900,0.0000,0.0800,0.0800,0.0800,0.0000,2
42300.0,43200.0,11:45,28907928#3,13.8900,13.8900,13.8900,0.0000,0.0800,0.0800,0.0800,0.0000,2
42300.0,43200.0,11:45,289329430#0,12.6950,12.5200,12.8700,0.2475,0.1750,0.1700,0.1800,0.0071,2
42300.0,43200.0,11:45,289329430#1,12.6950,12.5200,12.8700,0.2475,0.1750,0.1700,0.1800,0.0071,2
42300.0,43200.0,11:45,30118272#0,13.7100,13.5300,13.8900,0.2546,0.0800,0.0800,0.0800,0.0000,2
42300.0,43200.0,11:45,30118272#1,13.7100,13.5300,13.8900,0.2546,0.0800,0.0800,0.0800,0.0000,2
42300.0,43200.0,11:45,30278393#1,9.6200,9.2500,9.9900,0.5233,0.1150,0.1100,0.1200,0.0071,2
42300.0,43200.0,11:45,30278394#0,13.0900,12.9700,13.2100,0.1697,0.1700,0.1700,0.1700,0.0000,2
42300.0,43200.0,11:45,31866149#0,13.0900,12.9700,13.2100,0.1697,0.1700,0.1700,0.1700,0.0000,2
42300.0,43200.0,11:45,31866149#1,13.0900,12.9700,13.2100,0.1697,0.1700,0.1700,0.1700,0.0000,2
42300.0,43200.0,11:45,31866149#2,13.0900,12.9700,13.2100,0.1697,0.1700,0.1700,0.1700,0.0000,2
42300.0,43200.0,11:45,31866149#3,13.3300,13.3300,13.3300,0.0000,0.1700,0.1700,0.1700,0.0000,2
42300.0,43200.0,11:45,31866149#4,13.0850,12.9700,13.2000,0.1626,0.1700,0.1700,0.1700,0.0000,2
42300.0,43200.0,11:45,31866149#5,13.0900,12.9700,13.2100,0.1697,0.1700,0.1700,0.1700,0.0000,2
42300.0,43200.0,11:45,31866149#6,13.0950,12.9800,13.2100,0.1626,0.1700,0.1700,0.1700,0.0000,2
42300.0,43200.0,11:45,31992815,13.8900,13.8900,13.8900,0.0000,0.2400,0.2400,0.2400,0.0000,2
42300.0,43200.0,11:45,31992852#0,8.6650,8.3300,9.0000,0.4738,0.1250,0.1200,0.1300,0.0071,2
42300.0,43200.0,11:45,31992852#1,8.6650,8.3300,9.0000,0.4738,0.1250,0.1200,0.1300,0.0071,2
42300.0,43200.0,11:45,343036425,13.4200,12.9500,13.8900,0.6647,0.0850,0.0800,0.0900,0.0071,2
42300.0,43200.0,11:45,343036951,8.6650,8.3300,9.0000,0.4738,0.1250,0.1200,0.1300,0.0071,2
42300.0,43200.0,11:45,361257029,9.2050,8.8900,9.5200,0.4455,0.2400,0.2300,0.2500,0.0141,2
42300.0,43200.0,11:45,37690755#0,12.6050,11.7400,13.4700,1.2233,0.0850,0.0800,0.0900,0.0071,2
42300.0,43200.0,11:45,37690755#2,12.6150,11.7700,13.4600,1.1950,0.0850,0.0800,0.0900,0.0071,2
42300.0,43200.0,11:45,37899441#1,8.6650,8.3300,9.0000,0.4738,0.1250,0.1200,0.1300,0.0071,2
42300.0,43200.0,11:45,380310114#2,8.4000,7.8300,8.9700,0.8061,0.1300,0.1200,0.1400,0.0141,2
42300.0,43200.0,11:45,383327664#0,9.1900,9.0900,9.2900,0.1414,0.4850,0.4800,0.4900,0.0071,2
42300.0,43200.0,11:45,383327664#2,9.1900,9.0900,9.2900,0.1414,0.4850,0.4800,0.4900,0.0071,2
42300.0,43200.0,11:45,384828057#0,9.1900,9.0900,9.2900,0.1414,0.4850,0.4800,0.4900,0.0071,2
42300.0,43200.0,11:45,39646561,13.8900,13.8900,13.8900,0.0000,0.1600,0.1600,0.1600,0.0000,2
42300.0,43200.0,11:45,398531629#1,12.6050,11.7500,13.4600,1.2092,0.0850,0.0800,0.0900,0.0071,2
42300.0,43200.0,11:45,400886689#1,8.9150,8.8900,8.9400,0.0354,0.1200,0.1200,0.1200,0.0000,2
42300.0,43200.0,11:45,401595498,9.3150,9.1800,9.4500,0.1909,0.2400,0.2400,0.2400,0.0000,2
42300.0,43200.0,11:45,41526718#0,8.7100,8.3300,9.0900,0.5374,0.1250,0.1200,0.1300,0.0071,2
42300.0,43200.0,11:45,41754609#0,13.8900,13.8900,13.8900,0.0000,0.0800,0.0800,0.0800,0.0000,2
42300.0,43200.0,11:45,41754609#1,13.8900,13.8900,13.8900,0.0000,0.1600,0.1600,0.1600,0.0000,2
42300.0,43200.0,11:45,427821329#1,8.9200,8.8900,8.9500,0.0424,0.1200,0.1200,0.1200,0.0000,2
42300.0,43200.0,11:45,427821329#2,8.9150,8.8900,8.9400,0.0354,0.1200,0.1200,0.1200,0.0000,2
42300.0,43200.0,11:45,429206409,9.1900,9.0900,9.2900,0.1414,0.4850,0.4800,0.4900,0.0071,2
42300.0,43200.0,11:45,449880197#0,9.2850,9.1600,9.4100,0.1768,0.3550,0.3500,0.3600,0.0071,2
42300.0,43200.0,11:45,449880200,12.6050,11.7500,13.4600,1.2092,0.0850,0.0800,0.0900,0.0071,2
42300.0,43200.0,11:45,450227283#1,8.9100,8.8700,8.9500,0.0566,0.1250,0.1200,0.1300,0.0071,2
42300.0,43200.0,11:45,450227283#2,8.9200,8.8900,8.9500,0.0424,0.1200,0.1200,0.1200,0.0000,2
42300.0,43200.0,11:45,451081200,13.8300,13.7900,13.8700,0.0566,0.0800,0.0800,0.0800,0.0000,2
42300.0,43200.0,11:45,452105746#0,9.3950,9.2500,9.5400,0.2051,0.5900,0.5800,0.6000,0.0141,2
42300.0,43200.0,11:45,452105746#1,9.3950,9.2500,9.5400,0.2051,0.5900,0.5800,0.6000,0.0141,2
42300.0,43200.0,11:45,452105747,9.3650,9.1800,9.5500,0.2616,0.4750,0.4700,0.4800,0.0071,2
42300.0,43200.0,11:45,455063592,13.8900,13.8900,13.8900,0.0000,0.0500,0.0500,0.0500,0.0000,2
42300.0,43200.0,11:45,455476281#0,9.1100,8.4900,9.7300,0.8768,0.2450,0.2300,0.2600,0.0212,2
42300.0,43200.0,11:45,455476281#1,9.1100,8.4900,9.7300,0.8768,0.2450,0.2300,0.2600,0.0212,2
42300.0,43200.0,11:45,456194040#0,13.8900,13.8900,13.8900,0.0000,0.1600,0.1600,0.1600,0.0000,2
42300.0,43200.0,11:45,456194040#3,13.8900,13.8900,13.8900,0.0000,0.0800,0.0800,0.0800,0.0000,2
42300.0,43200.0,11:45,4609277,16.6700,16.6700,16.6700,0.0000,0.0700,0.0700,0.0700,0.0000,2
42300.0,43200.0,11:45,4609278,13.8900,13.8900,13.8900,0.0000,0.2400,0.2400,0.2400,0.0000,2
42300.0,43200.0,11:45,461119579,13.6750,13.4600,13.8900,0.3041,0.1650,0.1600,0.1700,0.0071,2
42300.0,43200.0,11:45,461119586,14.2900,14.2900,14.2900,0.0000,0.0800,0.0800,0.0800,0.0000,2
42300.0,43200.0,11:45,4652420,16.6700,16.6700,16.6700,0.0000,0.0700,0.0700,0.0700,0.0000,2
42300.0,43200.0,11:45,4692270#0,9.3050,9.0900,9.5200,0.3041,0.1200,0.1200,0.1200,0.0000,2
42300.0,43200.0,11:45,4692270#1,9.3050,9.0900,9.5200,0.3041,0.1200,0.1200,0.1200,0.0000,2
42300.0,43200.0,11:45,4692270#2,9.4950,9.4200,9.5700,0.1061,0.2350,0.2300,0.2400,0.0071,2
42300.0,43200.0,11:45,4692270#3,9.4950,9.4200,9.5700,0.1061,0.2350,0.2300,0.2400,0.0071,2
42300.0,43200.0,11:45,4692272#0,9.1250,8.9100,9.3400,0.3041,0.2450,0.2400,0.2500,0.0071,2
42300.0,43200.0,11:45,4725920#0,8.2550,8.0000,8.5100,0.3606,0.2700,0.2600,0.2800,0.0141,2
42300.0,43200.0,11:45,4725920#1,8.2550,8.0000,8.5100,0.3606,0.2700,0.2600,0.2800,0.0141,2
42300.0,43200.0,11:45,4725920#2,8.3000,8.0600,8.5400,0.3394,0.2700,0.2600,0.2800,0.0141,2
42300.0,43200.0,11:45,4725920#3,8.3000,8.0600,8.5400,0.3394,0.2700,0.2600,0.2800,0.0141,2
42300.0,43200.0,11:45,4728900#1,9.5800,9.4800,9.6800,0.1414,0.3450,0.3400,0.3500,0.0071,2
42300.0,43200.0,11:45,609715705,8.6700,8.3300,9.0100,0.4808,0.1250,0.1200,0.1300,0.0071,2
42300.0,43200.0,11:45,631597723#0,8.6650,8.3300,9.0000,0.4738,0.1250,0.1200,0.1300,0.0071,2
42300.0,43200.0,11:45,645694987#1,8.8000,8.2600,9.3400,0.7637,0.1250,0.1200,0.1300,0.0071,2
42300.0,43200.0,11:45,645694987#2,8.7950,8.2500,9.3400,0.7707,0.1250,0.1200,0.1300,0.0071,2
42300.0,43200.0,11:45,650010534,13.6750,13.4600,13.8900,0.3041,0.1650,0.1600,0.1700,0.0071,2
42300.0,43200.0,11:45,650010535#1,13.4750,13.0600,13.8900,0.5869,0.0850,0.0800,0.0900,0.0071,2
42300.0,43200.0,11:45,650010535#2,13.4850,13.0500,13.9200,0.6152,0.0850,0.0800,0.0900,0.0071,2
42300.0,43200.0,11:45,658966234#0,13.8100,13.3300,14.2900,0.6788,0.0800,0.0800,0.0800,0.0000,2
42300.0,43200.0,11:45,658966234#1,13.4750,13.0600,13.8900,0.5869,0.0850,0.0800,0.0900,0.0071,2
42300.0,43200.0,11:45,658966234#3,13.4750,13.0600,13.8900,0.5869,0.0850,0.0800,0.0900,0.0071,2
42300.0,43200.0,11:45,658966235#0,14.2900,14.2900,14.2900,0.0000,0.0800,0.0800,0.0800,0.0000,2
42300.0,43200.0,11:45,658966235#1,14.2900,14.2900,14.2900,0.0000,0.0800,0.0800,0.0800,0.0000,2
42300.0,43200.0,11:45,661903030,9.3150,9.1700,9.4600,0.2051,0.2400,0.2400,0.2400,0.0000,2
42300.0,43200.0,11:45,678513607,12.5450,11.7600,13.3300,1.1102,0.0850,0.0800,0.0900,0.0071,2
42300.0,43200.0,11:45,683436410#0,13.8800,13.8800,13.8800,0.0000,0.0800,0.0800,0.0800,0.0000,2
42300.0,43200.0,11:45,683436413#0,13.8900,13.8900,13.8900,0.0000,0.0800,0.0800,0.0800,0.0000,2
42300.0,43200.0,11:45,683436413#1,13.8900,13.8900,13.8900,0.0000,0.0800,0.0800,0.0800,0.0000,2
42300.0,43200.0,11:45,683436413#3,13.8900,13.8900,13.8900,0.0000,0.0800,0.0800,0.0800,0.0000,2
42300.0,43200.0,11:45,683436413#4,13.8900,13.8900,13.8900,0.0000,0.0800,0.0800,0.0800,0.0000,2
42300.0,43200.0,11:45,683436413#5,13.8900,13.8900,13.8900,0.0000,0.0800,0.0800,0.0800,0.0000,2
42300.0,43200.0,11:45,683436413#6,13.8900,13.8900,13.8900,0.0000,0.0800,0.0800,0.0800,0.0000,2
42300.0,43200.0,11:45,683436413#7,13.8900,13.8900,13.8900,0.0000,0.0800,0.0800,0.0800,0.0000,2
42300.0,43200.0,11:45,683436413#8,13.8800,13.8800,13.8800,0.0000,0.0800,0.0800,0.0800,0.0000,2
42300.0,43200.0,11:45,683436413#9,14.2900,14.2900,14.2900,0.0000,0.0800,0.0800,0.0800,0.0000,2
42300.0,43200.0,11:45,68756043#0,13.8900,13.8900,13.8900,0.0000,0.0800,0.0800,0.0800,0.0000,2
42300.0,43200.0,11:45,68756043#1,13.9000,13.9000,13.9000,0.0000,0.0800,0.0800,0.0800,0.0000,2
42300.0,43200.0,11:45,68756056#0,13.6800,13.4700,13.8900,0.2970,0.1650,0.1600,0.1700,0.0071,2
42300.0,43200.0,11:45,68756056#1,13.6100,13.3900,13.8300,0.3111,0.1650,0.1600,0.1700,0.0071,2
42300.0,43200.0,11:45,68756056#2,13.6750,13.4600,13.8900,0.3041,0.1650,0.1600,0.1700,0.0071,2
42300.0,43200.0,11:45,68756056#4,13.6850,13.4700,13.9000,0.3041,0.1600,0.1600,0.1600,0.0000,2
42300.0,43200.0,11:45,717611302,13.7150,13.5400,13.8900,0.2475,0.2450,0.2400,0.2500,0.0071,2
42300.0,43200.0,11:45,717611307#0,13.7050,13.5300,13.8800,0.2475,0.2450,0.2400,0.2500,0.0071,2
42300.0,43200.0,11:45,717611307#1,13.9650,13.6400,14.2900,0.4596,0.2350,0.2300,0.2400,0.0071,2
42300.0,43200.0,11:45,750809955#0,9.6200,9.2500,9.9900,0.5233,0.1150,0.1100,0.1200,0.0071,2
42300.0,43200.0,11:45,79633771#0,9.1900,9.0900,9.2900,0.1414,0.4850,0.4800,0.4900,0.0071,2
42300.0,43200.0,11:45,79633771#2,9.1900,9.0900,9.2900,0.1414,0.4850,0.4800,0.4900,0.0071,2
42300.0,43200.0,11:45,830416769,13.9650,13.6400,14.2900,0.4596,0.2350,0.2300,0.2400,0.0071,2
42300.0,43200.0,11:45,83207316,13.7150,13.5400,13.8900,0.2475,0.2450,0.2400,0.2500,0.0071,2
42300.0,43200.0,11:45,837865886#0,8.4000,7.8300,8.9700,0.8061,0.1300,0.1200,0.1400,0.0141,2
42300.0,43200.0,11:45,837865886#1,8.4000,7.8300,8.9700,0.8061,0.1300,0.1200,0.1400,0.0141,2
42300.0,43200.0,11:45,858813335,12.6050,11.7500,13.4600,1.2092,0.0850,0.0800,0.0900,0.0071,2
42300.0,43200.0,11:45,887871736#0,13.8550,13.8200,13.8900,0.0495,0.0800,0.0800,0.0800,0.0000,2
42300.0,43200.0,11:45,887871736#1,13.8600,13.7700,13.9500,0.1273,0.0800,0.0800,0.0800,0.0000,2
42300.0,43200.0,11:45,888914032#0,13.8900,13.8900,13.8900,0.0000,0.0800,0.0800,0.0800,0.0000,2
42300.0,43200.0,11:45,888914032#1,13.8900,13.8900,13.8900,0.0000,0.0800,0.0800,0.0800,0.0000,2
42300.0,43200.0,11:45,912997280,9.5800,9.4800,9.6800,0.1414,0.3450,0.3400,0.3500,0.0071,2
42300.0,43200.0,11:45,913001041,13.8900,13.8900,13.8900,0.0000,0.2400,0.2400,0.2400,0.0000,2
42300.0,43200.0,11:45,913008650,13.9650,13.6400,14.2900,0.4596,0.2350,0.2300,0.2400,0.0071,2
42300.0,43200.0,11:45,926028935#0,9.3150,9.1800,9.4500,0.1909,0.2400,0.2400,0.2400,0.0000,2
42300.0,43200.0,11:45,939067973,12.6000,11.7700,13.4300,1.1738,0.0850,0.0800,0.0900,0.0071,2
42300.0,43200.0,11:45,94541123,13.6450,13.5200,13.7700,0.1768,0.2450,0.2400,0.2500,0.0071,2
42300.0,43200.0,11:45,956982233#1,9.1100,8.4900,9.7300,0.8768,0.2450,0.2300,0.2600,0.0212,2
42300.0,43200.0,11:45,975971053,16.6700,16.6700,16.6700,0.0000,0.0700,0.0700,0.0700,0.0000,2
42300.0,43200.0,11:45,975971055,16.6700,16.6700,16.6700,0.0000,0.0700,0.0700,0.0700,0.0000,2
42300.0,43200.0,11:45,975971057,16.6700,16.6700,16.6700,0.0000,0.0700,0.0700,0.0700,0.0000,2
42300.0,43200.0,11:45,975971059,16.6800,16.6800,16.6800,0.0000,0.0700,0.0700,0.0700,0.0000,2
